species_id,common_name,photo_attribution
6,,"(c) Kristiina Hurme, some rights reserved (CC BY), uploaded by Kristiina Hurme"
34,,"(c) lonnyholmes, some rights reserved (CC BY-NC), uploaded by lonnyholmes"
17,,"(c) gernotkunz, all rights reserved, uploaded by gernotkunz"
152,,"(c) Mignoffo, some rights reserved (CC BY-NC), uploaded by Mignoffo"
7,,"(c) Riccardo Novaga, some rights reserved (CC BY-NC), uploaded by Riccardo Novaga"
2,,"(c) Alex Shure, some rights reserved (CC BY-NC), uploaded by Alex Shure"
178,,"(c) Nick Landers, all rights reserved, uploaded by Nick Landers"
18,,"(c) kirk gardner, some rights reserved (CC BY), uploaded by kirk gardner"
11,,"(c) Neil Ward, some rights reserved (CC BY-ND)"
19,,"(c) Cody Cromer, some rights reserved (CC BY-NC), uploaded by Cody Cromer"
13,,"(c) Mitchel Buckner, some rights reserved (CC BY-NC), uploaded by Mitchel Buckner"
10,,"(c) Quinn, some rights reserved (CC BY), uploaded by Quinn"
125,,"(c) Guido and Carrara family, some rights reserved (CC BY)"
153,,"(c) Kevin Metcalf, some rights reserved (CC BY-NC), uploaded by Kevin Metcalf"
4,,"
Eric Engbretson, U.S. Fish and Wildlife Service, no known copyright restrictions (public domain)"
136,,"(c) Ian Banks, some rights reserved (CC BY-NC), uploaded by Ian Banks"
115,,"(c) Christian Amador Da Silva, all rights reserved, uploaded by Christian Amador Da Silva"
142,,"(c) 808_Diver, some rights reserved (CC BY-NC), uploaded by 808_Diver"
45,,"(c) species_spotlight, all rights reserved, uploaded by species_spotlight"
74,,"(c) Alex R, some rights reserved (CC BY-NC), uploaded by Alex R"
156,,"(c) Miciah McNels, all rights reserved, uploaded by Miciah McNels"
21,,"(c) John Cleckler, all rights reserved, uploaded by John Cleckler"
66,,"(c) Frank Krasovec, some rights reserved (CC BY-NC), uploaded by Frank Krasovec"
22,,"(c) Mike Patterson, some rights reserved (CC BY-NC), uploaded by Mike Patterson"
171,,"(c) Iidkk, some rights reserved (CC BY-SA)"
170,,"(c) beautifulbait, some rights reserved (CC BY-NC), uploaded by beautifulbait"
131,,"(c) Billy Bensted-Smith, some rights reserved (CC BY-NC), uploaded by Billy Bensted-Smith"
16,,"(c) Brandon Li, all rights reserved, uploaded by Brandon Li"
30,,"(c) Phil's 1stPix, some rights reserved (CC BY-NC-SA)"
36,,"(c) Jörg Freyhof, some rights reserved (CC BY-NC)"
155,,"(c) Michi Tobler, all rights reserved, uploaded by Michi Tobler"
1,,"(c) species_spotlight, all rights reserved, uploaded by species_spotlight"
28,,"(c) Joshua Rains, some rights reserved (CC BY-NC), uploaded by Joshua Rains"
187,,"(c) Ç. Soyer, some rights reserved (CC BY-NC), uploaded by Ç. Soyer"
26,,"(c) Alex Shure, some rights reserved (CC BY-NC), uploaded by Alex Shure"
158,,"(c) Rickard Zerpe, some rights reserved (CC BY)"
154,,"(c) Dustin Lynch, all rights reserved, uploaded by Dustin Lynch"
8,,"(c) Animal Diversity Web, some rights reserved (CC BY)"
56,,"(c) Rachel Andres-Beck, some rights reserved (CC BY-NC), uploaded by Rachel Andres-Beck"
58,,"(c) Jacob Jones, some rights reserved (CC BY-NC), uploaded by Jacob Jones"
144,,"(c) Pat Webster @underwaterpat, all rights reserved, uploaded by Pat Webster @underwaterpat"
50,,"(c) Vijay Anand Ismavel, some rights reserved (CC BY-NC-SA)"
73,,"(c) Pauline Walsh Jacobson, some rights reserved (CC BY), uploaded by Pauline Walsh Jacobson"
37,,"
Микова Наталия, no known copyright restrictions (public domain)"
175,,"(c) Phil's 1stPix, some rights reserved (CC BY-NC-SA)"
101,,"(c) Sylvain Le Bris, some rights reserved (CC BY-NC), uploaded by Sylvain Le Bris"
23,,"(c) O Nichols, all rights reserved, uploaded by O Nichols"
173,,"(c) Mattia, some rights reserved (CC BY-NC), uploaded by Mattia"
59,,"(c) Quinn, some rights reserved (CC BY), uploaded by Quinn"
116,,"(c) Mark Rosenstein, some rights reserved (CC BY-NC), uploaded by Mark Rosenstein"
95,,"(c) Sylvain Le Bris, some rights reserved (CC BY-NC), uploaded by Sylvain Le Bris"
5,,"(c) Tony Talarico, some rights reserved (CC BY-NC), uploaded by Tony Talarico"
72,,"(c) Susanne Spindler, some rights reserved (CC BY-NC-ND), uploaded by Susanne Spindler"
24,,"(c) Poul Erik Rasmussen, all rights reserved, uploaded by Poul Erik Rasmussen"
138,,"(c) pleahy, all rights reserved"
27,,"no rights reserved, uploaded by Nick Loveland"
139,,"(c) Gabriel Somarriba, all rights reserved, uploaded by Gabriel Somarriba"
64,,"(c) James Bailey, some rights reserved (CC BY-NC), uploaded by James Bailey"
55,,"(c) Kevin Bryant, some rights reserved (CC BY-NC-SA)"
61,,"(c) Emilio Concari, some rights reserved (CC BY-NC), uploaded by Emilio Concari"
15,,"(c) pmk00001, some rights reserved (CC BY-NC), uploaded by pmk00001"
3,,"(c) Oscar Johnson, some rights reserved (CC BY-NC-ND), uploaded by Oscar Johnson"
92,,"(c) Sebastien Landat, all rights reserved, uploaded by Sebastien Landat"
163,,"(c) Erik Schlögl, some rights reserved (CC BY-NC), uploaded by Erik Schlögl"
133,,"(c) Kevin Bryant, some rights reserved (CC BY-NC-SA)"
35,,"(c) Susanne Spindler, some rights reserved (CC BY-NC-ND), uploaded by Susanne Spindler"
90,,"(c) Nigel Marsh, some rights reserved (CC BY-NC), uploaded by Nigel Marsh"
161,,"(c) Richard Ling, some rights reserved (CC BY-NC-ND)"
185,,"(c) peterraskmoller, all rights reserved"
86,,"(c) Nikolai Vladimirov, some rights reserved (CC BY-NC), uploaded by Nikolai Vladimirov"
80,,"(c) Luis P. B., some rights reserved (CC BY-NC), uploaded by Luis P. B."
140,,"(c) Jacob Jones, some rights reserved (CC BY-NC), uploaded by Jacob Jones"
44,,"(c) Wie146, some rights reserved (CC BY-SA)"
159,,"(c) Nigel Marsh, some rights reserved (CC BY-NC), uploaded by Nigel Marsh"
14,,"
Engbretson, Eric / U.S. Fish and Wildlife Service, no known copyright restrictions (public domain)"
47,,"(c) cpar, some rights reserved (CC BY-NC), uploaded by cpar"
33,,"(c) gernotkunz, all rights reserved, uploaded by gernotkunz"
111,,"(c) Jacob Jones, some rights reserved (CC BY-NC), uploaded by Jacob Jones"
119,,"(c) Quinn, some rights reserved (CC BY), uploaded by Quinn"
87,,"(c) Luis P. B., some rights reserved (CC BY-NC), uploaded by Luis P. B."
96,,"(c) Joachim S. Müller, some rights reserved (CC BY-NC-SA)"
91,,"(c) John Sear, some rights reserved (CC BY-NC), uploaded by John Sear"
32,,"(c) gernotkunz, all rights reserved, uploaded by gernotkunz"
20,,"Engbretson, Eric, no known copyright restrictions (public domain)"
63,,"(c) François Libert, some rights reserved (CC BY-NC), uploaded by François Libert"
189,,"(c) Hans Hillewaert, some rights reserved (CC BY-NC-ND)"
172,,"(c) Axel Gosseries, some rights reserved (CC BY-NC), uploaded by Axel Gosseries"
31,,"(c) ProjectManhattan, some rights reserved (CC BY-SA)"
100,,"(c) chirleu, all rights reserved, uploaded by chirleu"
117,,"(c) Kirby Morejohn, some rights reserved (CC BY-NC), uploaded by Kirby Morejohn"
162,,"(c) Erik Schlögl, some rights reserved (CC BY-NC), uploaded by Erik Schlögl"
174,,"(c) Christa Rohrbach, some rights reserved (CC BY-NC-SA)"
166,,"(c) cedo12, some rights reserved (CC BY-NC)"
75,,"(c) Almcglashan, some rights reserved (CC BY-SA)"
179,,"(c) David Barros Cardona, some rights reserved (CC BY-NC), uploaded by David Barros Cardona"
160,,"(c) John Sear, some rights reserved (CC BY-NC), uploaded by John Sear"
181,,"(c) Alessandro De Almeida, some rights reserved (CC BY-NC), uploaded by Alessandro De Almeida"
164,,"(c) J. Martin Crossley, some rights reserved (CC BY-NC-SA), uploaded by J. Martin Crossley"
135,,"(c) Alex Shure, some rights reserved (CC BY-NC), uploaded by Alex Shure"
29,,"(c) Phil's 1stPix, some rights reserved (CC BY-NC-SA)"
88,,"(c) Marine Explorer (Dr John Turnbull), some rights reserved (CC BY-NC-SA)"
12,,"Engbretson, Eric / U.S. Fish and Wildlife Service, no known copyright restrictions (public domain)"
60,,"(c) Kyran Leeker, all rights reserved, uploaded by Kyran Leeker"
180,,"(c) Marie-Aurélia Sabatte, some rights reserved (CC BY-NC), uploaded by Marie-Aurélia Sabatte"
143,,"(c) NOAA Photo Library, some rights reserved (CC BY)"
141,,"(c) Ria Tan, some rights reserved (CC BY-NC-SA)"
176,,"(c) USFWS Mountain-Prairie, niektóre prawa zastrzeżone (CC BY)"
41,,"(c) Bas Kers, some rights reserved (CC BY-NC-SA)"
132,,"(c) Bernat Garrigós, some rights reserved (CC BY-NC), uploaded by Bernat Garrigós"
71,,"(c) Jacob Jones, some rights reserved (CC BY-NC), uploaded by Jacob Jones"
38,,"(c) John D Reynolds, some rights reserved (CC BY-NC), uploaded by John D Reynolds"
102,,"(c) josepvilanova, all rights reserved, uploaded by josepvilanova"
118,,"(c) collmg9, some rights reserved (CC BY-NC)"
134,,"(c) Alex Shure, some rights reserved (CC BY-NC), uploaded by Alex Shure"
192,,"(c) Dennis Rabeling, some rights reserved (CC BY-NC-ND), uploaded by Dennis Rabeling"
97,,"(c) Jim Greenfield, all rights reserved, uploaded by Jim Greenfield"
89,,"(c) Adam, some rights reserved (CC BY-NC), uploaded by Adam"
65,,"(c) Frank Krasovec, some rights reserved (CC BY-NC), uploaded by Frank Krasovec"
167,,"(c) Eric C. Maxwell, some rights reserved (CC BY-NC-ND), uploaded by Eric C. Maxwell"
93,,"(c) Ian Banks, some rights reserved (CC BY-NC), uploaded by Ian Banks"
54,,"(c) kengle, some rights reserved (CC BY-NC)"
62,,"(c) Ewout Knoester, some rights reserved (CC BY-SA), uploaded by Ewout Knoester"
69,,"(c) victorbach, some rights reserved (CC BY-NC), uploaded by victorbach"
48,,"(c) Brian Gratwicke, some rights reserved (CC BY-NC)"
120,,"(c) scubajulie, some rights reserved (CC BY-NC)"
137,,"(c) Koaw Nature, some rights reserved (CC BY-NC), uploaded by Koaw Nature"
9,,"(c) Tom Preney, all rights reserved, uploaded by Tom Preney"
39,,"(c) Gilles San Martin, some rights reserved (CC BY-SA)"
114,,"(c) Luis P. B., some rights reserved (CC BY-NC), uploaded by Luis P. B."
76,,"(c) Chris St Lawrence, all rights reserved, uploaded by Chris St Lawrence"
186,,"(c) Sylvain Le Bris, some rights reserved (CC BY-NC), uploaded by Sylvain Le Bris"
157,,"(c) Austin D West, some rights reserved (CC BY-NC), uploaded by Austin D West"
123,,"(c) Craig Minkley, all rights reserved, uploaded by Craig Minkley"
81,,"(c) Robin Hughes, some rights reserved (CC BY-NC-SA)"
195,,"(c) Mignoffo, some rights reserved (CC BY-NC), uploaded by Mignoffo"
196,,"(c) Tse Chung Yi, some rights reserved (CC BY-NC), uploaded by Tse Chung Yi"
197,,"(c) Natthaphat Chotjuckdikul, all rights reserved, uploaded by Natthaphat Chotjuckdikul"
198,,"(c) environ, some rights reserved (CC BY-NC-SA), uploaded by environ"
199,,"(c) JeffreyGammon, some rights reserved (CC BY-NC), uploaded by JeffreyGammon"
200,,"(c) Seth Patterson, all rights reserved, uploaded by Seth Patterson"
201,,"(c) David R, some rights reserved (CC BY-NC)"
202,,"(c) Squidpastry, some rights reserved (CC BY-NC), uploaded by Squidpastry"
203,,"(c) François Libert, some rights reserved (CC BY-NC-SA)"
204,,"(c) Gilles San Martin, some rights reserved (CC BY-SA)"
205,,"(c) Riccardo Novaga, some rights reserved (CC BY-NC), uploaded by Riccardo Novaga"
206,,"(c) Alex Bairstow, some rights reserved (CC BY-NC), uploaded by Alex Bairstow"
207,,"(c) Tim Cameron, all rights reserved"
208,,"(c) Tim Cameron, all rights reserved, uploaded by Tim Cameron"
209,,"(c) Philippe Guillaume, some rights reserved (CC BY)"
210,,"(c) francescodj, some rights reserved (CC BY-NC)"
211,,"(c) Jeff Stauffer, all rights reserved, uploaded by Jeff Stauffer"
212,,"(c) 104623964081378888743, some rights reserved (CC BY-NC), uploaded by 104623964081378888743"
213,,"(c) portioid, some rights reserved (CC BY), uploaded by portioid"
214,,"(c) Antoni López-Arenas i Cama, some rights reserved (CC BY-NC), uploaded by Antoni López-Arenas i Cama"
215,,"Karelj, no known copyright restrictions (public domain)"
216,,"(c) zsispeo, some rights reserved (CC BY-SA)"
217,,"(c) Pauline Walsh Jacobson, some rights reserved (CC BY), uploaded by Pauline Walsh Jacobson"
218,,"(c) Luis P. B., some rights reserved (CC BY-NC), uploaded by Luis P. B."
219,,"(c) Kevin Bryant, some rights reserved (CC BY-NC-SA)"
220,,"(c) François Libert, some rights reserved (CC BY-NC-SA), uploaded by François Libert"
221,,"(c) Yinan Li, some rights reserved (CC BY-NC), uploaded by Yinan Li"
222,,"(c) Luis P. B., some rights reserved (CC BY-NC), uploaded by Luis P. B."
223,,"(c) J. Martin Crossley, some rights reserved (CC BY-NC-SA), uploaded by J. Martin Crossley"
224,,"(c) Tim Cameron, all rights reserved"
225,,"(c) Luis P. B., some rights reserved (CC BY-NC), uploaded by Luis P. B."
226,,"(c) Hickson Fergusson, all rights reserved, uploaded by Hickson Fergusson"
227,,"(c) François Libert, some rights reserved (CC BY-NC-SA), uploaded by François Libert"
228,,"(c) Tim Cameron, all rights reserved, uploaded by Tim Cameron"
229,,"(c) Mark Rosenstein, some rights reserved (CC BY-NC), uploaded by Mark Rosenstein"
230,,"(c) Tim Cameron, all rights reserved, uploaded by Tim Cameron"
231,,"(c) Miciah McNels, all rights reserved, uploaded by Miciah McNels"
232,,"(c) whodden, some rights reserved (CC BY-NC), uploaded by whodden"
233,,"(c) Ian Shaw, all rights reserved, uploaded by Ian Shaw"
234,,"(c) Pauline Walsh Jacobson, some rights reserved (CC BY), uploaded by Pauline Walsh Jacobson"
235,,"(c) mattbuckingham, all rights reserved, uploaded by mattbuckingham"
236,,"(c) Alex R, some rights reserved (CC BY-NC), uploaded by Alex R"
237,,"(c) shmavin, some rights reserved (CC BY-NC)"
238,,"(c) Alex R, some rights reserved (CC BY-NC), uploaded by Alex R"
239,,"(c) Karen Willshaw, some rights reserved (CC BY-NC), uploaded by Karen Willshaw"
240,,"(c) Christian Schwarz, some rights reserved (CC BY-NC), uploaded by Christian Schwarz"
241,,"(c) Aravind Manoj, all rights reserved, uploaded by Aravind Manoj"
242,,"(c) Valued image, some rights reserved (CC BY-SA)"
243,,"(c) Rafi Amar, some rights reserved (CC BY-NC), uploaded by Rafi Amar"
244,,"(c) OGNelson, some rights reserved (CC BY)"
245,,"(c) LASZLO ILYES, some rights reserved (CC BY)"
246,,"(c) Emilio Concari, some rights reserved (CC BY-NC), uploaded by Emilio Concari"
247,,"(c) Emilio Concari, some rights reserved (CC BY-NC), uploaded by Emilio Concari"
248,,"(c) Jane Kempler &amp; Andrew Goldby Freelance, some rights reserved (CC BY-NC-ND), uploaded by Jane Kempler &amp; Andrew Goldby Freelance"
249,,"(c) François Libert, some rights reserved (CC BY-NC-SA), uploaded by François Libert"
250,,"(c) Wayne and Pam Osborn, some rights reserved (CC BY-NC), uploaded by Wayne and Pam Osborn"
251,,"(c) Francois Libert, some rights reserved (CC BY-NC-SA)"
252,,"(c) J. Martin Crossley, some rights reserved (CC BY-NC-SA), uploaded by J. Martin Crossley"
253,,"(c) Eric C. Maxwell, some rights reserved (CC BY-NC-ND), uploaded by Eric C. Maxwell"
254,,"(c) Nigel Marsh, some rights reserved (CC BY-NC), uploaded by Nigel Marsh"
255,,"(c) Manuel Olán González, some rights reserved (CC BY-NC-ND), uploaded by Manuel Olán González"
256,,"(c) Laura Kushner, some rights reserved (CC BY-NC), uploaded by Laura Kushner"
257,,"(c) Emilio Concari, some rights reserved (CC BY-NC), uploaded by Emilio Concari"
258,,"(c) Luis P. B., some rights reserved (CC BY-NC), uploaded by Luis P. B."
259,,"Viridiflavus, no known copyright restrictions (public domain)"
260,,"(c) Bernd Dietrich, some rights reserved (CC BY-NC), uploaded by Bernd Dietrich"
261,,"(c) Deb Aston, all rights reserved, uploaded by Deb Aston"
262,,"(c) Phil's 1stPix, some rights reserved (CC BY-NC-SA)"
263,,"(c) uwkwaj, some rights reserved (CC BY-NC), uploaded by uwkwaj"
264,,"(c) François Libert, some rights reserved (CC BY-NC-SA), uploaded by François Libert"
265,,"(c) François Libert, some rights reserved (CC BY-NC-SA), uploaded by François Libert"
266,,"(c) Nicolas Lagière, some rights reserved (CC BY-NC), uploaded by Nicolas Lagière"
267,,"(c) kary, some rights reserved (CC BY-NC), uploaded by kary"
268,,"(c) J. Martin Crossley, some rights reserved (CC BY-NC-SA), uploaded by J. Martin Crossley"
269,,"(c) Miciah McNels, all rights reserved, uploaded by Miciah McNels"
270,,"(c) fuzzy little duckling, some rights reserved (CC BY-NC), uploaded by fuzzy little duckling"
271,,"(c) ellalis, all rights reserved, uploaded by ellalis"
272,,"(c) John Sear, some rights reserved (CC BY-NC), uploaded by John Sear"
273,,"(c) Pauline Walsh Jacobson, some rights reserved (CC BY), uploaded by Pauline Walsh Jacobson"
274,,"(c) Francois Libert, some rights reserved (CC BY-NC), uploaded by Francois Libert"
275,,"(c) François Libert, some rights reserved (CC BY-NC-SA), uploaded by François Libert"
276,,"(c) chris-26, all rights reserved"
277,,"(c) Programa Marino del Golfo de California, some rights reserved (CC BY-NC-SA), uploaded by Programa Marino del Golfo de California"
278,,"(c) Mignoffo, some rights reserved (CC BY-NC), uploaded by Mignoffo"
279,,"(c) EricksonSmith, some rights reserved (CC BY-NC)"
280,,"(c) J. Martin Crossley, some rights reserved (CC BY-NC-SA), uploaded by J. Martin Crossley"
281,,"(c) Luis P. B., some rights reserved (CC BY-NC), uploaded by Luis P. B."
282,,"(c) Austin D West, some rights reserved (CC BY-NC), uploaded by Austin D West"
283,,"(c) whodden, some rights reserved (CC BY-NC), uploaded by whodden"
284,,"(c) Phil Garner, all rights reserved, uploaded by Phil Garner"
285,,"(c) craigjhowe, some rights reserved (CC BY-NC-ND)"
286,,"(c) 
Philippe Bourjon, some rights reserved (CC BY-SA)"
287,,"(c) Frank Krasovec, some rights reserved (CC BY-NC), uploaded by Frank Krasovec"
288,,"(c) Miciah McNels, all rights reserved, uploaded by Miciah McNels"
289,,"(c) Malcolm Francis, some rights reserved (CC BY-NC), uploaded by Malcolm Francis"
290,,"(c) lefua, some rights reserved (CC BY-NC), uploaded by lefua"
291,,"(c) Tim Cameron, all rights reserved, uploaded by Tim Cameron"
292,,"(c) François Libert, some rights reserved (CC BY-NC-SA), uploaded by François Libert"
293,,"(c) Marine Explorer (Dr John Turnbull), some rights reserved (CC BY-NC-SA)"
294,,"(c) Emilio Concari, some rights reserved (CC BY-NC), uploaded by Emilio Concari"
295,,"(c) Ian Banks, some rights reserved (CC BY-NC), uploaded by Ian Banks"
296,,"(c) Erik Schlögl, some rights reserved (CC BY-NC), uploaded by Erik Schlögl"
297,,"(c) Thomas Shahan, some rights reserved (CC BY-NC), uploaded by Thomas Shahan"
298,,"(c) Dennis Rabeling, some rights reserved (CC BY-NC-ND), uploaded by Dennis Rabeling"
299,,"(c) François Libert, some rights reserved (CC BY-NC-SA), uploaded by François Libert"
300,,"(c) Nereus, all rights reserved, uploaded by Nereus"
301,,"(c) zsispeo, some rights reserved (CC BY-NC-SA)"
302,,"(c) Francois Libert, some rights reserved (CC BY-NC-SA)"
303,,"(c) zsispeo, some rights reserved (CC BY-NC-SA)"
304,,"(c) Mark Rosenstein, some rights reserved (CC BY-NC), uploaded by Mark Rosenstein"
305,,"(c) joseph_dibattista, some rights reserved (CC BY-NC), uploaded by joseph_dibattista"
306,,"(c) Carmelo López Abad, some rights reserved (CC BY-NC), uploaded by Carmelo López Abad"
307,,"(c) Ricardo Betancur, some rights reserved (CC BY-NC-ND)"
308,,"(c) Sascha Schulz, some rights reserved (CC BY-NC), uploaded by Sascha Schulz"
309,,"(c) Brian Gratwicke, some rights reserved (CC BY)"
310,,"(c) Dustin Lynch, all rights reserved, uploaded by Dustin Lynch"
311,,"(c) David R, some rights reserved (CC BY-NC), uploaded by David R"
312,,"(c) gernotkunz, all rights reserved, uploaded by gernotkunz"
313,,"(c) Rickard Zerpe, some rights reserved (CC BY)"
314,,"(c) uwkwaj, some rights reserved (CC BY-NC), uploaded by uwkwaj"
315,,"(c) Francois Libert, some rights reserved (CC BY-NC-SA)"
316,,"(c) Frank Krasovec, some rights reserved (CC BY-NC), uploaded by Frank Krasovec"
317,,"(c) Mark Rosenstein, some rights reserved (CC BY-NC), uploaded by Mark Rosenstein"
318,,"(c) Marine Explorer (Dr John Turnbull), some rights reserved (CC BY-NC-SA)"
319,,"(c) terence zahner, some rights reserved (CC BY-NC), uploaded by terence zahner"
320,,"(c) Andaman Kaosung, all rights reserved, uploaded by Andaman Kaosung"
321,,"(c) François Libert, some rights reserved (CC BY-NC-SA), uploaded by François Libert"
322,,"(c) Craig Fujii, some rights reserved (CC BY-NC-ND), uploaded by Craig Fujii"
323,,"(c) lophiuspiscatorius, all rights reserved"
324,,"(c) François Libert, some rights reserved (CC BY-NC-SA)"
325,,"(c) User:Amada44, some rights reserved (CC BY)"
326,,"(c) Graham McMartin, some rights reserved (CC BY-NC), uploaded by Graham McMartin"
327,,"(c) United Nations Development Programme in Europe and CIS, some rights reserved (CC BY-NC-SA)"
328,,"(c) Tim Cameron, all rights reserved"
329,,"(c) Philippe Guillaume, some rights reserved (CC BY-NC)"
330,,"(c) craigjhowe, some rights reserved (CC BY-NC-ND)"
331,,"(c) Kevin Bryant, some rights reserved (CC BY-NC-SA)"
332,,"(c) lefua, some rights reserved (CC BY-NC), uploaded by lefua"
333,,"(c) Rickard Zerpe, some rights reserved (CC BY)"
334,,"(c) Emilio Concari, some rights reserved (CC BY-NC), uploaded by Emilio Concari"
335,,"(c) uwkwaj, some rights reserved (CC BY-NC), uploaded by uwkwaj"
336,,"(c) Emilio Concari, some rights reserved (CC BY-NC), uploaded by Emilio Concari"
337,,"(c) Programa Marino del Golfo de California, some rights reserved (CC BY-NC-SA), uploaded by Programa Marino del Golfo de California"
338,,"(c) Lesley Clements, all rights reserved"
339,,"(c) Albertini maridom, some rights reserved (CC BY-NC), uploaded by Albertini maridom"
340,,"(c) terence zahner, some rights reserved (CC BY-NC), uploaded by terence zahner"
341,,"(c) Alex R, some rights reserved (CC BY-NC), uploaded by Alex R"
342,,"(c) Phil's 1stPix, some rights reserved (CC BY-NC-SA)"
343,,"(c) Stefan, some rights reserved (CC BY-NC), uploaded by Stefan"
344,,"(c) Ryan McMinds, some rights reserved (CC BY)"
345,,"(c) josepvilanova, some rights reserved (CC BY-NC), uploaded by josepvilanova"
346,,"(c) Luis P. B., some rights reserved (CC BY-NC), uploaded by Luis P. B."
347,,"(c) Mark Rosenstein, some rights reserved (CC BY-NC)"
348,,"(c) Roberto Pillon, some rights reserved (CC BY-NC), uploaded by Roberto Pillon"
349,,"(c) Bill Bumgarner, some rights reserved (CC BY-NC-ND)"
350,,"(c) Sylvain Le Bris, some rights reserved (CC BY-NC), uploaded by Sylvain Le Bris"
351,,"(c) Ethan Cummings, all rights reserved, uploaded by Ethan Cummings"
352,,"(c) mattdowse, some rights reserved (CC BY-NC), uploaded by mattdowse"
353,,"(c) David R, some rights reserved (CC BY-NC), uploaded by David R"
354,,"(c) evangrimes, some rights reserved (CC BY), uploaded by evangrimes"
355,,"(c) species_spotlight, all rights reserved, uploaded by species_spotlight"
356,,"(c) Ron Greer, some rights reserved (CC BY-NC), uploaded by Ron Greer"
357,,"(c) kary, some rights reserved (CC BY-NC), uploaded by kary"
358,,"(c) Sylvain Le Bris, some rights reserved (CC BY-NC), uploaded by Sylvain Le Bris"
359,,"(c) mattbuckingham, all rights reserved, uploaded by mattbuckingham"
360,,"(c) François Libert, some rights reserved (CC BY-NC-SA), uploaded by François Libert"
361,,"(c) Sascha Schulz, some rights reserved (CC BY-NC), uploaded by Sascha Schulz"
362,,"(c) Brandon Postal, some rights reserved (CC BY-NC-SA), uploaded by Brandon Postal"
363,,"(c) Luis P. B., some rights reserved (CC BY-NC), uploaded by Luis P. B."
364,,"(c) Dean Hester, some rights reserved (CC BY-NC-ND), uploaded by Dean Hester"
365,,"(c) François Libert, some rights reserved (CC BY-NC), uploaded by François Libert"
366,,"(c) lefua, some rights reserved (CC BY-NC), uploaded by lefua"
367,,"(c) Fran Wiesner, some rights reserved (CC BY-NC-ND), uploaded by Fran Wiesner"
368,,"(c) Luke Gordon, some rights reserved (CC BY-NC), uploaded by Luke Gordon"
369,,"(c) 104623964081378888743, some rights reserved (CC BY-NC), uploaded by 104623964081378888743"
370,,"(c) Ken-ichi Ueda, some rights reserved (CC BY)"
371,,"(c) Erik Schlögl, some rights reserved (CC BY-NC), uploaded by Erik Schlögl"
372,,"(c) Steven Wang, some rights reserved (CC BY), uploaded by Steven Wang"
373,,"(c) Carmelo López Abad, some rights reserved (CC BY-NC), uploaded by Carmelo López Abad"
374,,"(c) William Hull, some rights reserved (CC BY-NC), uploaded by William Hull"
375,,"(c) Tim Cameron, all rights reserved"
376,,"(c) Jennifer Lentz, Ph.D., some rights reserved (CC BY-NC), uploaded by Jennifer Lentz, Ph.D."
377,,"(c) David Roche, some rights reserved (CC BY-NC), uploaded by David Roche"
378,,"(c) David R, some rights reserved (CC BY-NC), uploaded by David R"
379,,"(c) Luis P. B., some rights reserved (CC BY-NC), uploaded by Luis P. B."
380,,"(c) Drew, some rights reserved (CC BY-NC), uploaded by Drew"
381,,"(c) Ian Shaw, all rights reserved, uploaded by Ian Shaw"
382,,"(c) Ricardo Betancur, some rights reserved (CC BY-NC-ND)"
383,,"(c) Brian Gratwicke, some rights reserved (CC BY)"
384,,"(c) zsispeo, some rights reserved (CC BY-NC-SA)"
385,,"(c) Falk Viczian Solarboot-Projekte gGmbH, some rights reserved (CC BY-NC), uploaded by Falk Viczian Solarboot-Projekte gGmbH"
386,,"(c) Andrew Harmer, some rights reserved (CC BY-NC), uploaded by Andrew Harmer"
387,,"(c) Ryan Yue Wah Chan, some rights reserved (CC BY-NC), uploaded by Ryan Yue Wah Chan"
388,,"(c) orionsmcc, some rights reserved (CC BY-NC)"
389,,"(c) Tim Cameron, all rights reserved, uploaded by Tim Cameron"
390,,"(c) Francois Libert, some rights reserved (CC BY-NC-SA)"
391,,"(c) species_spotlight, all rights reserved, uploaded by species_spotlight"
392,,"(c) Hickson Fergusson, all rights reserved, uploaded by Hickson Fergusson"
393,,"(c) François Libert, some rights reserved (CC BY-NC-SA)"
394,,"(c) Stefan, some rights reserved (CC BY-NC), uploaded by Stefan"
395,,"(c) xavibou, some rights reserved (CC BY-NC)"
396,,"(c) François Libert, some rights reserved (CC BY-NC-SA), uploaded by François Libert"
397,,"(c) Rickard Zerpe, some rights reserved (CC BY)"
398,,"(c) Tim Cameron, all rights reserved"
399,,"(c) Erik Schlögl, some rights reserved (CC BY-NC), uploaded by Erik Schlögl"
400,,"(c) François Libert, some rights reserved (CC BY-NC-SA), uploaded by François Libert"
401,,"(c) Eduardo Estrada, some rights reserved (CC BY-NC), uploaded by Eduardo Estrada"
402,,"(c) zsispeo, some rights reserved (CC BY-NC-SA)"
403,,"(c) Frédéric ANDRE, some rights reserved (CC BY-NC), uploaded by Frédéric ANDRE"
404,,"(c) acanthaster, some rights reserved (CC BY-NC), uploaded by acanthaster"
405,,"(c) Raphael Forns, some rights reserved (CC BY-NC), uploaded by Raphael Forns"
406,,"(c) bathyporeia, some rights reserved (CC BY-NC-SA)"
407,,"(c) Tom Barnes, all rights reserved"
408,,"(c) Sascha Schulz, some rights reserved (CC BY-NC), uploaded by Sascha Schulz"
409,,"(c) Francois Libert, some rights reserved (CC BY-NC-SA)"
410,,"(c) saturdaze, all rights reserved, uploaded by saturdaze"
411,,"(c) Dylan Jacques-Fero, some rights reserved (CC BY-NC), uploaded by Dylan Jacques-Fero"
412,,"(c) Nigel Marsh, some rights reserved (CC BY-NC), uploaded by Nigel Marsh"
413,,"(c) Ian Shaw, all rights reserved, uploaded by Ian Shaw"
414,,"(c) Sara Thiebaud, some rights reserved (CC BY-NC), uploaded by Sara Thiebaud"
415,,"(c) Pauline Fey, some rights reserved (CC BY-NC), uploaded by Pauline Fey"
416,,"(c) whodden, some rights reserved (CC BY-NC), uploaded by whodden"
417,,"(c) David R, some rights reserved (CC BY-NC), uploaded by David R"
418,,"(c) yacojoven, some rights reserved (CC BY-NC)"
419,,"(c) Nikolai Vladimirov, some rights reserved (CC BY-NC), uploaded by Nikolai Vladimirov"
420,,"(c) Ian Shaw, all rights reserved, uploaded by Ian Shaw"
421,,"(c) Don Loarie, some rights reserved (CC BY)"
422,,"(c) Erik Schlögl, some rights reserved (CC BY-NC), uploaded by Erik Schlögl"
423,,"(c) Pauline Walsh Jacobson, some rights reserved (CC BY), uploaded by Pauline Walsh Jacobson"
424,,"(c) Shigeru Harazaki, all rights reserved, uploaded by Shigeru Harazaki"
425,,"(c) François Libert, some rights reserved (CC BY-NC), uploaded by François Libert"
426,,"(c) seahorses_of_the_world, all rights reserved, uploaded by seahorses_of_the_world"
427,,"(c) Francesco Ricciardi, some rights reserved (CC BY-NC), uploaded by Francesco Ricciardi"
428,,"(c) Merry Passage, all rights reserved, uploaded by Merry Passage"
429,,"(c) beautifulbait, some rights reserved (CC BY-NC), uploaded by beautifulbait"
430,,"(c) Karolle Wall, some rights reserved (CC BY-NC), uploaded by Karolle Wall"
431,,"(c) Jono Dashper, all rights reserved, uploaded by Jono Dashper"
432,,"(c) J. Martin Crossley, some rights reserved (CC BY-NC-SA), uploaded by J. Martin Crossley"
433,,"(c) Phil Garner, all rights reserved, uploaded by Phil Garner"
434,,"(c) Marine Explorer (Dr John Turnbull), some rights reserved (CC BY-NC-SA)"
435,,"(c) Ian Banks, some rights reserved (CC BY-NC), uploaded by Ian Banks"
436,,"(c) Julien Renoult, some rights reserved (CC BY), uploaded by Julien Renoult"
437,,"(c) Jacob Jones, some rights reserved (CC BY-NC), uploaded by Jacob Jones"
438,,"(c) Sascha Schulz, some rights reserved (CC BY-NC), uploaded by Sascha Schulz"
439,,"(c) Norbert VERNEAU, some rights reserved (CC BY-NC-ND), uploaded by Norbert VERNEAU"
440,,"(c) Tim Cameron, all rights reserved, uploaded by Tim Cameron"
441,,"(c) Jeremy_Jodoin, some rights reserved (CC BY-NC), uploaded by Jeremy_Jodoin"
442,,"(c) Ian Banks, some rights reserved (CC BY-NC), uploaded by Ian Banks"
443,,"(c) Erik Schlögl, some rights reserved (CC BY-NC), uploaded by Erik Schlögl"
444,,"(c) Raphael Forns, some rights reserved (CC BY-NC), uploaded by Raphael Forns"
445,,"(c) 
Brian Gratwicke, some rights reserved (CC BY)"
446,,"(c) Andrew Trevor-Jones, all rights reserved, uploaded by Andrew Trevor-Jones"
447,,"(c) Tom Murray, some rights reserved (CC BY-NC), uploaded by Tom Murray"
448,,"(c) François Libert, some rights reserved (CC BY-NC-SA), uploaded by François Libert"
449,,"(c) coltonfishing, some rights reserved (CC BY-NC)"
450,,"(c) Frank Krasovec, some rights reserved (CC BY-NC), uploaded by Frank Krasovec"
451,,"(c) whodden, some rights reserved (CC BY-NC), uploaded by whodden"
452,,"(c) craigjhowe, some rights reserved (CC BY-NC-ND)"
453,,"(c) Sara Thiebaud, some rights reserved (CC BY-NC), uploaded by Sara Thiebaud"
454,,"(c) KJ, some rights reserved (CC BY-NC), uploaded by KJ"
455,,"(c) Julian Hsu, some rights reserved (CC BY-NC), uploaded by Julian Hsu"
456,,"(c) Marine Explorer (Dr John Turnbull), some rights reserved (CC BY-NC-SA)"
457,,"(c) kary, some rights reserved (CC BY-NC), uploaded by kary"
458,,"(c) Christopher Chin, all rights reserved, uploaded by Christopher Chin"
459,,"(c) Frank Krasovec, some rights reserved (CC BY-NC), uploaded by Frank Krasovec"
460,,"(c) Mark Rosenstein, some rights reserved (CC BY-NC), uploaded by Mark Rosenstein"
461,,"(c) Donald Davesne, some rights reserved (CC BY), uploaded by Donald Davesne"
462,,"(c) Frédéric ANDRE, some rights reserved (CC BY-NC), uploaded by Frédéric ANDRE"
463,,"(c) Francois Libert, some rights reserved (CC BY-NC), uploaded by Francois Libert"
464,,"(c) Luis P. B., some rights reserved (CC BY-NC), uploaded by Luis P. B."
465,,"(c) Ian Shaw, all rights reserved, uploaded by Ian Shaw"
466,,"(c) Tse Chung Yi, some rights reserved (CC BY-NC), uploaded by Tse Chung Yi"
467,,"(c) Julien Renoult, some rights reserved (CC BY), uploaded by Julien Renoult"
468,,"(c) François Libert, some rights reserved (CC BY-NC), uploaded by François Libert"
469,,"(c) beautifulbait, some rights reserved (CC BY-NC), uploaded by beautifulbait"
470,,"(c) Alex R, some rights reserved (CC BY-NC), uploaded by Alex R"
471,,"(c) Erik Schlögl, some rights reserved (CC BY-NC), uploaded by Erik Schlögl"
472,,"(c) Glen Whisson, some rights reserved (CC BY-NC), uploaded by Glen Whisson"
473,,"(c) Pauline Walsh Jacobson, some rights reserved (CC BY), uploaded by Pauline Walsh Jacobson"
474,,"(c) Kevin Bryant, some rights reserved (CC BY-NC-SA)"
475,,"(c) craigjhowe, some rights reserved (CC BY-NC-ND)"
476,,"(c) Jeff Stauffer, all rights reserved, uploaded by Jeff Stauffer"
477,,"(c) Frank Krasovec, some rights reserved (CC BY-NC), uploaded by Frank Krasovec"
478,,"(c) Jono Dashper, all rights reserved, uploaded by Jono Dashper"
479,,"(c) François Libert, some rights reserved (CC BY-NC-SA)"
480,,"(c) Rickard Zerpe, some rights reserved (CC BY)"
481,,"(c) josepvilanova, some rights reserved (CC BY-NC), uploaded by josepvilanova"
482,,"(c) Sylvain Le Bris, some rights reserved (CC BY-NC), uploaded by Sylvain Le Bris"
483,,"(c) Amything, some rights reserved (CC BY-SA)"
484,,"(c) craigjhowe, some rights reserved (CC BY-NC)"
485,,"(c) Mark Rosenstein, some rights reserved (CC BY-NC), uploaded by Mark Rosenstein"
486,,"(c) Thomas Menut, some rights reserved (CC BY-NC), uploaded by Thomas Menut"
487,,"(c) David R, some rights reserved (CC BY-NC), uploaded by David R"
488,,"(c) David R, some rights reserved (CC BY-NC), uploaded by David R"
489,,"(c) Marine Explorer (Dr John Turnbull), some rights reserved (CC BY-NC-SA)"
490,,"(c) janebowman, some rights reserved (CC BY-NC)"
491,,"(c) Kevin Bryant, some rights reserved (CC BY-NC-SA)"
492,,"(c) David R, some rights reserved (CC BY-NC), uploaded by David R"
493,,"(c) Emilio Concari, some rights reserved (CC BY-NC), uploaded by Emilio Concari"
494,,"(c) J. Martin Crossley, some rights reserved (CC BY-NC-SA), uploaded by J. Martin Crossley"
495,,"(c) Pauline Walsh Jacobson, some rights reserved (CC BY), uploaded by Pauline Walsh Jacobson"
496,,"(c) Benoît Segerer, some rights reserved (CC BY-NC), uploaded by Benoît Segerer"
497,,"(c) Bernat Garrigós, all rights reserved, uploaded by Bernat Garrigós"
498,,"(c) François Libert, some rights reserved (CC BY-NC), uploaded by François Libert"
499,,"(c) gernotkunz, all rights reserved, uploaded by gernotkunz"
500,,"(c) KO Ka Ho, some rights reserved (CC BY-NC), uploaded by KO Ka Ho"
501,,"(c) Lucy Smiechura, all rights reserved, uploaded by Lucy Smiechura"
502,,"(c) François Libert, some rights reserved (CC BY-NC-SA), uploaded by François Libert"
503,,"(c) joe_cutler, some rights reserved (CC BY-NC)"
504,,"(c) kary, some rights reserved (CC BY-NC), uploaded by kary"
505,,"(c) Nicolas Lagière, some rights reserved (CC BY-NC), uploaded by Nicolas Lagière"
506,,"(c) Erik Schlögl, some rights reserved (CC BY-NC), uploaded by Erik Schlögl"
507,,"(c) Richard Ling, some rights reserved (CC BY-NC-ND)"
508,,"(c) Tim Cameron, all rights reserved"
509,,"(c) 
Andrew J. Green / Reef life Survey., some rights reserved (CC BY)"
510,,"(c) Mario, all rights reserved, uploaded by Mario"
511,,"(c) J. Martin Crossley, some rights reserved (CC BY-NC-SA), uploaded by J. Martin Crossley"
512,,"(c) Tom Kennedy, some rights reserved (CC BY), uploaded by Tom Kennedy"
513,,"(c) Erik Schlögl, some rights reserved (CC BY-NC), uploaded by Erik Schlögl"
514,,"(c) Nicolas Lagière, some rights reserved (CC BY-NC), uploaded by Nicolas Lagière"
515,,"(c) Erik Schlögl, some rights reserved (CC BY-NC), uploaded by Erik Schlögl"
516,,"(c) Vince Golder, some rights reserved (CC BY-NC), uploaded by Vince Golder"
517,,"(c) victorbach, some rights reserved (CC BY-NC), uploaded by victorbach"
518,,"(c) Mark Rosenstein, some rights reserved (CC BY-NC)"
519,,"(c) Harry Rosenthal, some rights reserved (CC BY-NC), uploaded by Harry Rosenthal"
520,,"(c) kary, some rights reserved (CC BY-NC), uploaded by kary"
521,,"(c) FishWise Professional, some rights reserved (CC BY-NC-SA)"
522,,"(c) Mikhail V. Chemeris, some rights reserved (CC BY-NC), uploaded by Mikhail V. Chemeris"
523,,"(c) Lesley Clements, all rights reserved"
524,,"(c) Josh Van Wieren, some rights reserved (CC BY-NC-ND), uploaded by Josh Van Wieren"
525,,"(c) terence zahner, some rights reserved (CC BY-NC), uploaded by terence zahner"
526,,"(c) Pauline Walsh Jacobson, some rights reserved (CC BY), uploaded by Pauline Walsh Jacobson"
527,,"(c) Frank Krasovec, some rights reserved (CC BY-NC), uploaded by Frank Krasovec"
528,,"(c) Tony Strazzari, some rights reserved (CC BY-NC), uploaded by Tony Strazzari"
529,,"(c) David Spencer Muirhead, some rights reserved (CC BY-NC), uploaded by David Spencer Muirhead"
530,,"(c) Adrie Rolloos, some rights reserved (CC BY-NC), uploaded by Adrie Rolloos"
531,,"(c) Mélina, some rights reserved (CC BY-NC), uploaded by Mélina"
532,,"(c) J. Martin Crossley, some rights reserved (CC BY-NC-SA), uploaded by J. Martin Crossley"
533,,"(c) Erik Schlögl, some rights reserved (CC BY-NC), uploaded by Erik Schlögl"
534,,"(c) terence zahner, some rights reserved (CC BY-NC), uploaded by terence zahner"
535,,"(c) Sebastián Mena, some rights reserved (CC BY-NC), uploaded by Sebastián Mena"
536,,"(c) uwkwaj, some rights reserved (CC BY-NC), uploaded by uwkwaj"
537,,"(c) Juan Miguel Artigas Azas, all rights reserved, uploaded by Juan Miguel Artigas Azas"
538,,"(c) Frank Krasovec, some rights reserved (CC BY-NC), uploaded by Frank Krasovec"
539,,"(c) Pete McGee, some rights reserved (CC BY-NC), uploaded by Pete McGee"
540,,"(c) christiangloor, some rights reserved (CC BY-NC), uploaded by christiangloor"
541,,"(c) Julien Renoult, some rights reserved (CC BY), uploaded by Julien Renoult"
542,,"(c) Erik Schlögl, some rights reserved (CC BY-NC), uploaded by Erik Schlögl"
543,,"(c) François Libert, some rights reserved (CC BY-NC-SA), uploaded by François Libert"
544,,"(c) Alex R, some rights reserved (CC BY-NC), uploaded by Alex R"
545,,"(c) Lesley Clements, all rights reserved"
546,,"(c) Miciah McNels, all rights reserved, uploaded by Miciah McNels"
547,,"(c) sea-kangaroo, some rights reserved (CC BY-NC-ND), uploaded by sea-kangaroo"
548,,"(c) Erik Schlögl, some rights reserved (CC BY-NC), uploaded by Erik Schlögl"
549,,"(c) Charlie Mellor, some rights reserved (CC BY-NC), uploaded by Charlie Mellor"
550,,"(c) Frank Krasovec, some rights reserved (CC BY-NC), uploaded by Frank Krasovec"
551,,"(c) H. Krisp, some rights reserved (CC BY)"
552,,"(c) François Libert, some rights reserved (CC BY-NC-SA), uploaded by François Libert"
553,,"(c) Pauline Walsh Jacobson, some rights reserved (CC BY), uploaded by Pauline Walsh Jacobson"
554,,"(c) Josh Houston, some rights reserved (CC BY-NC), uploaded by Josh Houston"
555,,"(c) Richard Ling, some rights reserved (CC BY-NC-ND), uploaded by Richard Ling"
556,,"(c) uwkwaj, some rights reserved (CC BY-NC), uploaded by uwkwaj"
557,,"(c) Jeff Stauffer, all rights reserved, uploaded by Jeff Stauffer"
558,,"(c) Chuck Ford, all rights reserved"
559,,"(c) Captain Scott H. Sexton, some rights reserved (CC BY-NC), uploaded by Captain Scott H. Sexton"
560,,"(c) justinoid, some rights reserved (CC BY-NC), uploaded by justinoid"
561,,"(c) dmtptp, some rights reserved (CC BY-NC)"
562,,"(c) Marine Explorer (Dr John Turnbull), some rights reserved (CC BY-NC-SA)"
563,,"(c) zsispeo, some rights reserved (CC BY-NC-SA)"
564,,"(c) Sascha Schulz, some rights reserved (CC BY-NC), uploaded by Sascha Schulz"
565,,"(c) gernotkunz, all rights reserved, uploaded by gernotkunz"
566,,"(c) Kevin Bryant, some rights reserved (CC BY-NC-SA)"
567,,"(c) V D. Bettis, some rights reserved (CC BY-NC), uploaded by V D. Bettis"
568,,"(c) François Libert, some rights reserved (CC BY-NC-SA), uploaded by François Libert"
569,,"(c) Zach Hawn, some rights reserved (CC BY-NC-SA), uploaded by Zach Hawn"
570,,"(c) Richard Ling, some rights reserved (CC BY-NC-ND)"
571,,"(c) Luis P. B., some rights reserved (CC BY-NC), uploaded by Luis P. B."
572,,"(c) Kevin Bryant, some rights reserved (CC BY-NC-SA)"
573,,"(c) Nigel Marsh, some rights reserved (CC BY-NC), uploaded by Nigel Marsh"
574,,"(c) Kevin Bryant, some rights reserved (CC BY-NC-SA)"
575,,"(c) terence zahner, some rights reserved (CC BY-NC), uploaded by terence zahner"
576,,"(c) Erik Schlögl, some rights reserved (CC BY-NC), uploaded by Erik Schlögl"
577,,"(c) Robert Howell, all rights reserved, uploaded by Robert Howell"
578,,"(c) californiafishlover, some rights reserved (CC BY-NC)"
579,,"(c) Wayne and Pam Osborn, some rights reserved (CC BY-NC), uploaded by Wayne and Pam Osborn"
580,,"(c) sloow, some rights reserved (CC BY-NC)"
581,,"(c) Michael Bommerer, some rights reserved (CC BY), uploaded by Michael Bommerer"
582,,"(c) Luis P. B., some rights reserved (CC BY-NC), uploaded by Luis P. B."
583,,"(c) Ray Turnbull, some rights reserved (CC BY-NC), uploaded by Ray Turnbull"
584,,"(c) Dr Elodie Camprasse, all rights reserved, uploaded by Dr Elodie Camprasse"
585,,"(c) rovil, some rights reserved (CC BY-NC)"
586,,"(c) Pauline Walsh Jacobson, some rights reserved (CC BY), uploaded by Pauline Walsh Jacobson"
587,,"(c) Miciah McNels, all rights reserved, uploaded by Miciah McNels"
588,,"(c) François Libert, some rights reserved (CC BY-NC-SA), uploaded by François Libert"
589,,"(c) Mark Rosenstein, some rights reserved (CC BY-NC), uploaded by Mark Rosenstein"
590,,"(c) Thomas Menut, some rights reserved (CC BY-NC), uploaded by Thomas Menut"
591,,"(c) lcolmer, some rights reserved (CC BY-NC), uploaded by lcolmer"
592,,"(c) John Sear, some rights reserved (CC BY-NC), uploaded by John Sear"
593,,"(c) luismartinezartola, some rights reserved (CC BY-NC)"
594,,"(c) uwkwaj, some rights reserved (CC BY-NC), uploaded by uwkwaj"
595,,"(c) Wayne and Pam Osborn, some rights reserved (CC BY-NC), uploaded by Wayne and Pam Osborn"
596,,"(c) Mason Maron, all rights reserved, uploaded by Mason Maron"
597,,"(c) Vince Golder, some rights reserved (CC BY-NC), uploaded by Vince Golder"
598,,"(c) François Libert, some rights reserved (CC BY-NC-SA), uploaded by François Libert"
599,,"(c) Tsu Soo Tan, some rights reserved (CC BY-NC), uploaded by Tsu Soo Tan"
600,,"(c) François Libert, some rights reserved (CC BY-NC-SA), uploaded by François Libert"
601,,"(c) gernotkunz, all rights reserved, uploaded by gernotkunz"
602,,"(c) Mark Rosenstein, some rights reserved (CC BY-NC), uploaded by Mark Rosenstein"
603,,"(c) Nikolai Vladimirov, some rights reserved (CC BY-NC), uploaded by Nikolai Vladimirov"
604,,"(c) Riccardo Novaga, some rights reserved (CC BY-NC), uploaded by Riccardo Novaga"
605,,"(c) lcolmer, some rights reserved (CC BY-NC), uploaded by lcolmer"
606,,"(c) Andrew Harmer, some rights reserved (CC BY-NC), uploaded by Andrew Harmer"
607,,"(c) Miciah McNels, all rights reserved, uploaded by Miciah McNels"
608,,"(c) riroriro, some rights reserved (CC BY-NC), uploaded by riroriro"
609,,"(c) Erik Schlögl, some rights reserved (CC BY-NC), uploaded by Erik Schlögl"
610,,"(c) Robertson Ross, some rights reserved (CC BY-NC-SA)"
611,,"(c) Leonard Low, some rights reserved (CC BY)"
612,,"(c) David R, some rights reserved (CC BY-NC), uploaded by David R"
613,,"(c) seahorses_of_the_world, all rights reserved, uploaded by seahorses_of_the_world"
614,,"(c) Erik Schlögl, some rights reserved (CC BY-NC), uploaded by Erik Schlögl"
615,,"(c) Randy, some rights reserved (CC BY-NC-ND), uploaded by Randy"
616,,"(c) drbrachydactyl, some rights reserved (CC BY-NC)"
617,,"(c) Tse Chung Yi, some rights reserved (CC BY-NC), uploaded by Tse Chung Yi"
618,,"(c) zsispeo, some rights reserved (CC BY-NC-SA)"
619,,"(c) John Thorogood, some rights reserved (CC BY-NC), uploaded by John Thorogood"
620,,"(c) victorbach, some rights reserved (CC BY-NC), uploaded by victorbach"
621,,"(c) Vince Golder, some rights reserved (CC BY-NC), uploaded by Vince Golder"
622,,"(c) 
Szabi237, some rights reserved (CC BY)"
623,,"(c) J. Martin Crossley, some rights reserved (CC BY-NC-SA), uploaded by J. Martin Crossley"
624,,"(c) Frank Krasovec, some rights reserved (CC BY-NC), uploaded by Frank Krasovec"
625,,"(c) caron_wong, some rights reserved (CC BY-NC)"
626,,"(c) J. Martin Crossley, some rights reserved (CC BY-NC-SA), uploaded by J. Martin Crossley"
627,,"(c) Shaun Lee, some rights reserved (CC BY-SA)"
628,,"(c) Luis P. B., some rights reserved (CC BY-NC), uploaded by Luis P. B."
629,,"(c) kittsw, some rights reserved (CC BY-NC), uploaded by kittsw"
630,,"(c) Juan Miguel Artigas Azas, all rights reserved, uploaded by Juan Miguel Artigas Azas"
631,,"(c) Mike Jones, some rights reserved (CC BY-NC), uploaded by Mike Jones"
632,,"(c) terence zahner, some rights reserved (CC BY-NC), uploaded by terence zahner"
633,,"(c) Wayne and Pam Osborn, some rights reserved (CC BY-NC), uploaded by Wayne and Pam Osborn"
634,,"(c) Tommy Hui, some rights reserved (CC BY-NC), uploaded by Tommy Hui"
635,,"(c) Richard Ling, some rights reserved (CC BY-NC-ND)"
636,,"(c) Museo de la Ciencia de Valladolid, some rights reserved (CC BY-SA)"
637,,"(c) Arial Simpson, all rights reserved, uploaded by Arial Simpson"
638,,"(c) Emilio Concari, some rights reserved (CC BY-NC), uploaded by Emilio Concari"
639,,"(c) Kevin Bryant, some rights reserved (CC BY-NC-SA)"
640,,"(c) matthewkwan, some rights reserved (CC BY-ND), uploaded by matthewkwan"
641,,"(c) Emanuele Santarelli, some rights reserved (CC BY-SA), uploaded by Emanuele Santarelli"
642,,"(c) chrosomusenthusiast, some rights reserved (CC BY-NC)"
643,,"(c) joseph_dibattista, some rights reserved (CC BY-NC), uploaded by joseph_dibattista"
644,,"(c) josepvilanova, some rights reserved (CC BY-NC), uploaded by josepvilanova"
645,,"(c) David R, some rights reserved (CC BY-NC), uploaded by David R"
646,,"(c) François Libert, some rights reserved (CC BY-NC-SA)"
647,,"(c) Ian Shaw, all rights reserved, uploaded by Ian Shaw"
648,,"(c) derekkeats, some rights reserved (CC BY-SA)"
649,,"(c) Lesley Clements, all rights reserved"
650,,"(c) LASZLO ILYES, some rights reserved (CC BY)"
651,,"(c) Kieran Cox, all rights reserved, uploaded by Kieran Cox"
652,,"(c) Vince Golder, all rights reserved, uploaded by Vince Golder"
653,,"(c) 張凱 Kai Chang, all rights reserved, uploaded by 張凱 Kai Chang"
654,,"(c) Francois Libert, some rights reserved (CC BY-NC), uploaded by Francois Libert"
655,,"(c) uwkwaj, some rights reserved (CC BY-NC), uploaded by uwkwaj"
656,,"(c) 104623964081378888743, some rights reserved (CC BY-NC), uploaded by 104623964081378888743"
657,,"(c) Dennis Rabeling, some rights reserved (CC BY-NC-ND), uploaded by Dennis Rabeling"
658,,"(c) Harry Rosenthal, some rights reserved (CC BY-NC), uploaded by Harry Rosenthal"
659,,"(c) J. Martin Crossley, some rights reserved (CC BY-NC-SA), uploaded by J. Martin Crossley"
660,,"(c) Mark Rosenstein, some rights reserved (CC BY-NC), uploaded by Mark Rosenstein"
661,,"(c) DavidR.808, some rights reserved (CC BY-NC), uploaded by DavidR.808"
662,,"(c) João Pedro Silva, some rights reserved (CC BY-NC)"
663,,"(c) J. Martin Crossley, some rights reserved (CC BY-NC-SA), uploaded by J. Martin Crossley"
664,,"(c) Klaus Stiefel, some rights reserved (CC BY-NC)"
665,,"(c) Mark Rosenstein, some rights reserved (CC BY-NC), uploaded by Mark Rosenstein"
666,,"(c) Miciah McNels, all rights reserved, uploaded by Miciah McNels"
667,,"(c) JeffreyGammon, some rights reserved (CC BY-NC), uploaded by JeffreyGammon"
668,,"(c) zsispeo, some rights reserved (CC BY-NC-SA)"
669,,"(c) Mark Rosenstein, some rights reserved (CC BY-NC), uploaded by Mark Rosenstein"
670,,"(c) zsispeo, some rights reserved (CC BY-NC-SA)"
671,,"(c) Wayne and Pam Osborn, some rights reserved (CC BY-NC), uploaded by Wayne and Pam Osborn"
672,,"(c) David Fleshman, all rights reserved, uploaded by David Fleshman"
673,,"(c) František Bednár, all rights reserved, uploaded by František Bednár"
674,,"(c) kelpadelpian, some rights reserved (CC BY-NC)"
675,,"(c) Kevin Bryant, some rights reserved (CC BY-NC-SA)"
676,,"(c) Arturo Velasco, some rights reserved (CC BY-NC), uploaded by Arturo Velasco"
677,,"(c) Frank Krasovec, some rights reserved (CC BY-NC), uploaded by Frank Krasovec"
678,,"(c) Mark Rosenstein, some rights reserved (CC BY-NC), uploaded by Mark Rosenstein"
679,,"(c) Gökçe Coşkun, some rights reserved (CC BY-NC), uploaded by Gökçe Coşkun"
680,,"(c) Wayne and Pam Osborn, some rights reserved (CC BY-NC), uploaded by Wayne and Pam Osborn"
681,,"(c) Glen Whisson, some rights reserved (CC BY-NC), uploaded by Glen Whisson"
682,,"(c) Mark Rosenstein, some rights reserved (CC BY-NC), uploaded by Mark Rosenstein"
683,,"(c) François Libert, some rights reserved (CC BY-SA)"
684,,"(c) Roger Dennison, some rights reserved (CC BY-NC-ND), uploaded by Roger Dennison"
685,,"(c) Bernat Garrigós, some rights reserved (CC BY-NC), uploaded by Bernat Garrigós"
686,,"(c) André Giraldi, some rights reserved (CC BY-NC), uploaded by André Giraldi"
687,,"(c) Sylvain Le Bris, some rights reserved (CC BY-NC), uploaded by Sylvain Le Bris"
688,,"(c) terence zahner, some rights reserved (CC BY-NC), uploaded by terence zahner"
689,,"(c) Penlock Chen, some rights reserved (CC BY-NC), uploaded by Penlock Chen"
690,,"(c) tim h, some rights reserved (CC BY-NC), uploaded by tim h"
691,,"(c) hewittdoesit, some rights reserved (CC BY-NC)"
692,,"(c) Dan Schofield, some rights reserved (CC BY), uploaded by Dan Schofield"
693,,"(c) Mark Rosenstein, some rights reserved (CC BY-NC), uploaded by Mark Rosenstein"
694,,"(c) Francois Libert, some rights reserved (CC BY-NC), uploaded by Francois Libert"
695,,"(c) Joe Tomoleoni, all rights reserved, uploaded by Joe Tomoleoni"
696,,"(c) Roberto Pillon, some rights reserved (CC BY)"
697,,"(c) Kevin Bryant, some rights reserved (CC BY-NC-SA)"
698,,"(c) Sascha Schulz, some rights reserved (CC BY-NC), uploaded by Sascha Schulz"
699,,"(c) Tim Cameron, all rights reserved, uploaded by Tim Cameron"
700,,"(c) Xavier Rufray, some rights reserved (CC BY-NC), uploaded by Xavier Rufray"
701,,"(c) Erik Schlögl, some rights reserved (CC BY-NC), uploaded by Erik Schlögl"
702,,"(c) Brian Gratwicke, some rights reserved (CC BY)"
703,,"(c) Michael Yannick, some rights reserved (CC BY-NC), uploaded by Michael Yannick"
704,,"(c) Erik Schlögl, some rights reserved (CC BY-NC), uploaded by Erik Schlögl"
705,,"(c) Ian Banks, some rights reserved (CC BY-NC), uploaded by Ian Banks"
706,,"(c) Albert Kang, some rights reserved (CC BY-NC), uploaded by Albert Kang"
707,,"(c) François Libert, some rights reserved (CC BY-SA)"
708,,"(c) Christian Schwarz, some rights reserved (CC BY-NC), uploaded by Christian Schwarz"
709,,"(c) sea-kangaroo, some rights reserved (CC BY-NC-ND), uploaded by sea-kangaroo"
710,,"(c) David R, some rights reserved (CC BY-NC), uploaded by David R"
711,,"(c) pclark2, some rights reserved (CC BY-NC)"
712,,"(c) Nikolai Vladimirov, some rights reserved (CC BY-NC), uploaded by Nikolai Vladimirov"
713,,"(c) Vince Golder, all rights reserved, uploaded by Vince Golder"
714,,"(c) Jim Greenfield, all rights reserved, uploaded by Jim Greenfield"
715,,"(c) Jacob Jones, some rights reserved (CC BY-NC), uploaded by Jacob Jones"
716,,"(c) Squidpastry, some rights reserved (CC BY-NC), uploaded by Squidpastry"
717,,"(c) Dennis Rabeling, some rights reserved (CC BY-NC-ND), uploaded by Dennis Rabeling"
718,,"(c) François Libert, some rights reserved (CC BY-NC-SA), uploaded by François Libert"
719,,"(c) François Libert, some rights reserved (CC BY-NC-SA), uploaded by François Libert"
720,,"(c) V D. Bettis, some rights reserved (CC BY-NC), uploaded by V D. Bettis"
721,,"(c) zsispeo, some rights reserved (CC BY-NC-SA)"
722,,"(c) Pauline Walsh Jacobson, some rights reserved (CC BY), uploaded by Pauline Walsh Jacobson"
723,,"(c) Mark Rosenstein, some rights reserved (CC BY-NC), uploaded by Mark Rosenstein"
724,,"(c) Robert Lamb, some rights reserved (CC BY-NC), uploaded by Robert Lamb"
725,,"(c) seahorses_of_the_world, all rights reserved, uploaded by seahorses_of_the_world"
726,,"(c) Bernat Garrigós, some rights reserved (CC BY-NC), uploaded by Bernat Garrigós"
727,,"(c) Ian Banks, some rights reserved (CC BY-NC), uploaded by Ian Banks"
728,,"(c) Ilja Fescenko, some rights reserved (CC BY-NC), uploaded by Ilja Fescenko"
729,,"(c) Karl Questel, all rights reserved, uploaded by Karl Questel"
730,,"(c) Miciah McNels, all rights reserved, uploaded by Miciah McNels"
731,,"(c) Eric Heupel, some rights reserved (CC BY-NC)"
732,,"(c) Bob Edgar, all rights reserved, uploaded by Bob Edgar"
733,,"(c) Miciah McNels, all rights reserved, uploaded by Miciah McNels"
734,,"(c) Klaus Stiefel, some rights reserved (CC BY-NC)"
735,,"(c) Beth Hoffman, some rights reserved (CC BY-NC-SA)"
736,,"(c) zsispeo, some rights reserved (CC BY-NC-SA)"
737,,"(c) terence zahner, some rights reserved (CC BY-NC), uploaded by terence zahner"
738,,"(c) zsispeo, some rights reserved (CC BY-NC-SA)"
739,,"(c) KJ, some rights reserved (CC BY-NC), uploaded by KJ"
740,,"(c) François Libert, some rights reserved (CC BY-NC-SA), uploaded by François Libert"
741,,"(c) Mark Rosenstein, some rights reserved (CC BY-NC), uploaded by Mark Rosenstein"
742,,"(c) Ian Shaw, all rights reserved, uploaded by Ian Shaw"
743,,"(c) Dennis Rabeling, some rights reserved (CC BY-NC-ND), uploaded by Dennis Rabeling"
744,,"(c) Andrew Harmer, some rights reserved (CC BY-NC), uploaded by Andrew Harmer"
745,,"(c) josepvilanova, all rights reserved, uploaded by josepvilanova"
746,,"(c) Mark Rosenstein, some rights reserved (CC BY-NC), uploaded by Mark Rosenstein"
747,,"(c) Chien Lee, all rights reserved, uploaded by Chien Lee"
748,,"(c) Dennis Rabeling, some rights reserved (CC BY-NC-ND), uploaded by Dennis Rabeling"
749,,"(c) Frank Krasovec, some rights reserved (CC BY-NC), uploaded by Frank Krasovec"
750,,"(c) sharkdevotee, some rights reserved (CC BY-NC)"
751,,"(c) Mélodie Caussat, some rights reserved (CC BY-NC), uploaded by Mélodie Caussat"
752,,"(c) Wayne and Pam Osborn, some rights reserved (CC BY-NC), uploaded by Wayne and Pam Osborn"
753,,"(c) Nacho Amatt, some rights reserved (CC BY-NC), uploaded by Nacho Amatt"
754,,"(c) Richard Ling, some rights reserved (CC BY-NC-ND)"
755,,"(c) Mélodie Caussat, some rights reserved (CC BY-NC), uploaded by Mélodie Caussat"
756,,"(c) Mark Rosenstein, some rights reserved (CC BY-NC), uploaded by Mark Rosenstein"
757,,"(c) Andaman Kaosung, all rights reserved, uploaded by Andaman Kaosung"
758,,"(c) Daniel Hershman, some rights reserved (CC BY-NC), uploaded by Daniel Hershman"
759,,"(c) Rodrigo Maia-Nogueira, all rights reserved, uploaded by Rodrigo Maia-Nogueira"
760,,"(c) Hsini Lin, all rights reserved, uploaded by Hsini Lin"
761,,"(c) James Peake, all rights reserved, uploaded by James Peake"
762,,"(c) Susan Prior, some rights reserved (CC BY), uploaded by Susan Prior"
763,,"(c) Frédéric ANDRE, some rights reserved (CC BY-NC), uploaded by Frédéric ANDRE"
764,,"(c) Tchami, some rights reserved (CC BY-SA)"
765,,"(c) Mark Rosenstein, some rights reserved (CC BY-NC), uploaded by Mark Rosenstein"
766,,"(c) Kevin Bryant, some rights reserved (CC BY-NC-SA)"
767,,"(c) Erik Schlögl, some rights reserved (CC BY-NC), uploaded by Erik Schlögl"
768,,"(c) Erik Schlögl, some rights reserved (CC BY-NC), uploaded by Erik Schlögl"
769,,"(c) mattbuckingham, all rights reserved, uploaded by mattbuckingham"
770,,"(c) François Libert, all rights reserved, uploaded by François Libert"
771,,"(c) Mark Rosenstein, some rights reserved (CC BY-NC), uploaded by Mark Rosenstein"
772,,"(c) shahar chaikin, some rights reserved (CC BY), uploaded by shahar chaikin"
773,,"(c) Dustin Lynch, all rights reserved, uploaded by Dustin Lynch"
774,,"(c) Nick Hobgood, some rights reserved (CC BY-NC-ND), uploaded by Nick Hobgood"
775,,"(c) Miciah McNels, all rights reserved, uploaded by Miciah McNels"
776,,"(c) Luis P. B., some rights reserved (CC BY-NC), uploaded by Luis P. B."
777,,"(c) Graham McMartin, some rights reserved (CC BY-NC), uploaded by Graham McMartin"
778,,"(c) Matt Wilson, some rights reserved (CC BY-NC), uploaded by Matt Wilson"
779,,"(c) J. Martin Crossley, some rights reserved (CC BY-NC-SA), uploaded by J. Martin Crossley"
780,,"(c) 俊仁 (Toshihito) 小林 (Kobayashi), some rights reserved (CC BY-SA)"
781,,"(c) Corentin Morvan, some rights reserved (CC BY-NC), uploaded by Corentin Morvan"
782,,"(c) whodden, some rights reserved (CC BY-NC), uploaded by whodden"
783,,"(c) Emilio Concari, some rights reserved (CC BY-NC), uploaded by Emilio Concari"
784,,"(c) zsispeo, some rights reserved (CC BY-NC-SA)"
785,,"(c) Vince Golder, all rights reserved, uploaded by Vince Golder"
786,,"(c) tamsynmann, all rights reserved, uploaded by tamsynmann"
787,,"(c) David Spencer Muirhead, some rights reserved (CC BY-NC), uploaded by David Spencer Muirhead"
788,,"(c) 蟻又丹, all rights reserved, uploaded by 蟻又丹"
789,,"(c) craigjhowe, some rights reserved (CC BY-NC)"
790,,"(c) Luis P. B., some rights reserved (CC BY-NC), uploaded by Luis P. B."
791,,"(c) Jasmin Johnson, all rights reserved, uploaded by Jasmin Johnson"
792,,"(c) Thomas Shahan, some rights reserved (CC BY-NC), uploaded by Thomas Shahan"
793,,"(c) Floyd E. Hayes, some rights reserved (CC BY-NC), uploaded by Floyd E. Hayes"
794,,"(c) Peter Krottje, some rights reserved (CC BY-NC), uploaded by Peter Krottje"
795,,"no rights reserved, uploaded by Nick Loveland"
796,,"(c) species_spotlight, all rights reserved, uploaded by species_spotlight"
797,,"(c) Andshel, some rights reserved (CC BY-SA)"
798,,"(c) Sylvain Le Bris, some rights reserved (CC BY-NC), uploaded by Sylvain Le Bris"
799,,"(c) Nikolai Vladimirov, some rights reserved (CC BY-NC), uploaded by Nikolai Vladimirov"
800,,"(c) terence zahner, some rights reserved (CC BY-NC), uploaded by terence zahner"
801,,"(c) Tim Cameron, all rights reserved, uploaded by Tim Cameron"
802,,"(c) Pauline Walsh Jacobson, some rights reserved (CC BY), uploaded by Pauline Walsh Jacobson"
803,,"(c) uwkwaj, some rights reserved (CC BY-NC), uploaded by uwkwaj"
804,,"(c) craigjhowe, some rights reserved (CC BY-NC)"
805,,"(c) shmavin, some rights reserved (CC BY-NC)"
806,,"(c) Erik Schlögl, some rights reserved (CC BY-NC), uploaded by Erik Schlögl"
807,,"(c) J. Martin Crossley, some rights reserved (CC BY-NC-ND), uploaded by J. Martin Crossley"
808,,"(c) Shigeru Harazaki, all rights reserved, uploaded by Shigeru Harazaki"
809,,"(c) Nigel Marsh, some rights reserved (CC BY-NC), uploaded by Nigel Marsh"
810,,"(c) Mark Rosenstein, some rights reserved (CC BY-NC), uploaded by Mark Rosenstein"
811,,"(c) Tim Cameron, all rights reserved, uploaded by Tim Cameron"
812,,"(c) californiafishlover, some rights reserved (CC BY-NC)"
813,,"(c) 104623964081378888743, some rights reserved (CC BY-NC), uploaded by 104623964081378888743"
814,,"(c) Felipe Campos, some rights reserved (CC BY-NC), uploaded by Felipe Campos"
815,,"(c) Sylvain Le Bris, some rights reserved (CC BY-NC), uploaded by Sylvain Le Bris"
816,,"(c) Tim Cameron, all rights reserved"
817,,"(c) John Sear, some rights reserved (CC BY-NC), uploaded by John Sear"
818,,"(c) Julian Hsu, some rights reserved (CC BY-NC), uploaded by Julian Hsu"
819,,"(c) David R, some rights reserved (CC BY-NC)"
820,,"(c) Jörg Freyhof, some rights reserved (CC BY-NC)"
821,,"(c) Ian Banks, some rights reserved (CC BY-NC), uploaded by Ian Banks"
822,,"(c) Erik Schlögl, some rights reserved (CC BY-NC), uploaded by Erik Schlögl"
823,,"(c) josepvilanova, all rights reserved, uploaded by josepvilanova"
824,,"(c) Marine Explorer (Dr John Turnbull), some rights reserved (CC BY-NC-SA)"
825,,"(c) Phil W, some rights reserved (CC BY-NC), uploaded by Phil W"
826,,"(c) Julien Renoult, some rights reserved (CC BY), uploaded by Julien Renoult"
827,,"(c) Ian Shaw, all rights reserved, uploaded by Ian Shaw"
828,,"(c) Marco Verch, some rights reserved (CC BY)"
829,,"(c) Steven Wang, some rights reserved (CC BY-NC), uploaded by Steven Wang"
830,,"(c) Erik Schlögl, some rights reserved (CC BY-NC), uploaded by Erik Schlögl"
831,,"(c) LASZLO ILYES (laszlo-photo) from Cleveland, Ohio, USA, some rights reserved (CC BY)"
832,,"(c) Dennis Rabeling, some rights reserved (CC BY-NC-ND), uploaded by Dennis Rabeling"
833,,"(c) Lesley Clements, all rights reserved"
834,,"(c) Richard Ling, some rights reserved (CC BY-NC-ND)"
835,,"(c) Ian Banks, some rights reserved (CC BY-NC), uploaded by Ian Banks"
836,,"(c) Juan Miguel Artigas Azas, all rights reserved, uploaded by Juan Miguel Artigas Azas"
837,,"(c) Nigel Marsh, some rights reserved (CC BY-NC), uploaded by Nigel Marsh"
838,,"(c) kary, some rights reserved (CC BY-NC), uploaded by kary"
839,,"(c) Emilio Concari, some rights reserved (CC BY-NC), uploaded by Emilio Concari"
840,,"(c) Gina, some rights reserved (CC BY-NC), uploaded by Gina"
841,,"(c) Paulo Robson de Souza, some rights reserved (CC BY-NC), uploaded by Paulo Robson de Souza"
842,,"(c) Quinn, some rights reserved (CC BY), uploaded by Quinn"
843,,"(c) Ryan Francis, all rights reserved, uploaded by Ryan Francis"
844,,"(c) Mark Rosenstein, some rights reserved (CC BY-NC), uploaded by Mark Rosenstein"
845,,"(c) Bernard Picton, some rights reserved (CC BY), uploaded by Bernard Picton"
846,,"(c) Andaman Kaosung, all rights reserved, uploaded by Andaman Kaosung"
847,,"(c) H.T.Cheng, some rights reserved (CC BY-NC), uploaded by H.T.Cheng"
848,,"(c) J. Martin Crossley, some rights reserved (CC BY-NC-SA), uploaded by J. Martin Crossley"
849,,"(c) Karolle Wall, some rights reserved (CC BY-NC), uploaded by Karolle Wall"
850,,"(c) Nigel Marsh, some rights reserved (CC BY-NC), uploaded by Nigel Marsh"
851,,"(c) Francois Libert, some rights reserved (CC BY-NC), uploaded by Francois Libert"
852,,"(c) Ian Shaw, all rights reserved, uploaded by Ian Shaw"
853,,"(c) Pauline Walsh Jacobson, some rights reserved (CC BY), uploaded by Pauline Walsh Jacobson"
854,,"no rights reserved, uploaded by Jean-Paul Boerekamps"
855,,"(c) williamdomenge9, all rights reserved, uploaded by williamdomenge9"
856,,"(c) Derek Keats, some rights reserved (CC BY-SA)"
857,,"(c) Seth Patterson, all rights reserved, uploaded by Seth Patterson"
858,,"(c) Tse Chung Yi, some rights reserved (CC BY-NC), uploaded by Tse Chung Yi"
859,,"(c) Justin, some rights reserved (CC BY-NC), uploaded by Justin"
860,,"(c) Jane Kempler &amp; Andrew Goldby Freelance, some rights reserved (CC BY-NC-ND), uploaded by Jane Kempler &amp; Andrew Goldby Freelance"
861,,"(c) Saspotato, some rights reserved (CC BY-NC-SA)"
862,,"(c) kary, some rights reserved (CC BY-NC), uploaded by kary"
863,,"(c) Mark Rosenstein, some rights reserved (CC BY-NC), uploaded by Mark Rosenstein"
864,,"(c) Jacek Madejski, some rights reserved (CC BY-SA)"
865,,"(c) uwkwaj, some rights reserved (CC BY-NC), uploaded by uwkwaj"
866,,"(c) Derek Keats, some rights reserved (CC BY-SA)"
867,,"(c) James Green, some rights reserved (CC BY-NC)"
868,,"(c) Henry Dennison, some rights reserved (CC BY-NC), uploaded by Henry Dennison"
869,,"(c) Tim Cameron, all rights reserved, uploaded by Tim Cameron"
870,,"(c) Mark Rosenstein, some rights reserved (CC BY-NC), uploaded by Mark Rosenstein"
871,,"(c) Tim Cameron, all rights reserved, uploaded by Tim Cameron"
872,,"(c) Lesley Clements, all rights reserved"
873,,"(c) Below Blue Water Diver, some rights reserved (CC BY-NC), uploaded by Below Blue Water Diver"
874,,"(c) Bernat Garrigós, all rights reserved, uploaded by Bernat Garrigós"
875,,"(c) Miroslav Bobek, all rights reserved, uploaded by Miroslav Bobek"
876,,"(c) Dan Schofield, some rights reserved (CC BY), uploaded by Dan Schofield"
877,,"(c) Jeff Stauffer, all rights reserved, uploaded by Jeff Stauffer"
878,,"(c) Nigel Marsh, some rights reserved (CC BY-NC), uploaded by Nigel Marsh"
879,,"(c) Sylvain Le Bris, some rights reserved (CC BY-NC), uploaded by Sylvain Le Bris"
880,,"(c) Frank Krasovec, some rights reserved (CC BY-NC), uploaded by Frank Krasovec"
881,,"(c) Lesley Clements, all rights reserved"
882,,"(c) François Libert, some rights reserved (CC BY-NC-SA), uploaded by François Libert"
883,,"(c) J. Martin Crossley, some rights reserved (CC BY-NC-SA), uploaded by J. Martin Crossley"
884,,"(c) 傻子, some rights reserved (CC BY-NC), uploaded by 傻子"
885,,"(c) Ilya Burylov, some rights reserved (CC BY-NC), uploaded by Ilya Burylov"
886,,"(c) Tim Cameron, all rights reserved"
887,,"(c) martin_nieuwoudt, some rights reserved (CC BY-NC)"
888,,"(c) Gonzalo Mucientes Sandoval, some rights reserved (CC BY-NC), uploaded by Gonzalo Mucientes Sandoval"
889,,"(c) François Libert, some rights reserved (CC BY-NC), uploaded by François Libert"
890,,"(c) Erik Schlögl, some rights reserved (CC BY-NC), uploaded by Erik Schlögl"
891,,"(c) skro, some rights reserved (CC BY-NC)"
892,,"(c) François Libert, some rights reserved (CC BY-NC-SA), uploaded by François Libert"
893,,"(c) mackelroy, all rights reserved"
894,,"(c) Roberto Pillon, some rights reserved (CC BY-NC), uploaded by Roberto Pillon"
895,,"(c) Erik Schlögl, some rights reserved (CC BY-NC), uploaded by Erik Schlögl"
896,,"(c) kendallclements, some rights reserved (CC BY-NC)"
897,,"(c) Ian Shaw, all rights reserved, uploaded by Ian Shaw"
898,,"(c) Jim Greenfield, all rights reserved, uploaded by Jim Greenfield"
899,,"(c) Craig Fujii, some rights reserved (CC BY-NC-ND), uploaded by Craig Fujii"
900,,"(c) Michi Tobler, all rights reserved, uploaded by Michi Tobler"
901,,"(c) Cliff, some rights reserved (CC BY)"
902,,"(c) François Libert, some rights reserved (CC BY-NC-SA), uploaded by François Libert"
903,,"(c) David R, some rights reserved (CC BY-NC), uploaded by David R"
904,,"(c) Tim Cameron, all rights reserved, uploaded by Tim Cameron"
905,,"(c) Erik Schlögl, some rights reserved (CC BY-NC), uploaded by Erik Schlögl"
906,,"(c) Wayne and Pam Osborn, some rights reserved (CC BY-NC), uploaded by Wayne and Pam Osborn"
907,,"(c) Donald Davesne, some rights reserved (CC BY), uploaded by Donald Davesne"
908,,"(c) Nikolai Vladimirov, some rights reserved (CC BY-NC), uploaded by Nikolai Vladimirov"
909,,"(c) catta, some rights reserved (CC BY-NC)"
910,,"(c) Jenny Sedgwick, some rights reserved (CC BY-NC), uploaded by Jenny Sedgwick"
911,,"(c) Rebecca Lloyd, some rights reserved (CC BY-NC), uploaded by Rebecca Lloyd"
912,,"(c) Emilio Concari, some rights reserved (CC BY-NC), uploaded by Emilio Concari"
913,,"(c) uwkwaj, some rights reserved (CC BY-NC), uploaded by uwkwaj"
914,,"(c) Richard Ling, some rights reserved (CC BY-NC-ND)"
915,,"(c) Pauline Walsh Jacobson, some rights reserved (CC BY), uploaded by Pauline Walsh Jacobson"
916,,"(c) David R, some rights reserved (CC BY-NC), uploaded by David R"
917,,"(c) Hanyang Ye, all rights reserved, uploaded by Hanyang Ye"
918,,"(c) Dan Schofield, some rights reserved (CC BY), uploaded by Dan Schofield"
919,,"(c) Francois Libert, some rights reserved (CC BY-NC), uploaded by Francois Libert"
920,,"(c) lizzydem, some rights reserved (CC BY-NC)"
921,,"(c) John Turnbull, some rights reserved (CC BY-NC-SA)"
922,,"(c) Luis P. B., some rights reserved (CC BY-NC), uploaded by Luis P. B."
923,,"(c) Lesley Clements, all rights reserved"
924,,"(c) Francois Libert, some rights reserved (CC BY-NC), uploaded by Francois Libert"
925,,"(c) Marine Explorer (Dr John Turnbull), some rights reserved (CC BY-NC-SA)"
926,,"(c) terence zahner, some rights reserved (CC BY-NC), uploaded by terence zahner"
927,,"(c) peterraskmoller, all rights reserved"
928,,"(c) Erik Schlögl, some rights reserved (CC BY-NC), uploaded by Erik Schlögl"
929,,"(c) Joe Tomoleoni, all rights reserved, uploaded by Joe Tomoleoni"
930,,"(c) Frank Krasovec, some rights reserved (CC BY-NC), uploaded by Frank Krasovec"
931,,"(c) Mark Rosenstein, some rights reserved (CC BY-NC), uploaded by Mark Rosenstein"
932,,"(c) Andy Jones, some rights reserved (CC BY-NC)"
933,,"(c) Kevin Bryant, some rights reserved (CC BY-NC-SA)"
934,,"(c) Rafi Amar, some rights reserved (CC BY-NC), uploaded by Rafi Amar"
935,,"(c) François Libert, some rights reserved (CC BY-NC-SA), uploaded by François Libert"
936,,"(c) Wayne Martin, some rights reserved (CC BY-NC), uploaded by Wayne Martin"
937,,"(c) Sylvain Le Bris, some rights reserved (CC BY-NC), uploaded by Sylvain Le Bris"
938,,"(c) Franco Colnago, some rights reserved (CC BY-NC), uploaded by Franco Colnago"
939,,"(c) johnwilliams, some rights reserved (CC BY-NC), uploaded by johnwilliams"
940,,"(c) Kent Miller, some rights reserved (CC BY-ND), uploaded by Kent Miller"
941,,"(c) Luis P. B., some rights reserved (CC BY-NC), uploaded by Luis P. B."
942,,"(c) Saúl García Guadarrama, all rights reserved, uploaded by Saúl García Guadarrama"
943,,"(c) Francois Libert, some rights reserved (CC BY-NC), uploaded by Francois Libert"
944,,"(c) rubymoore, some rights reserved (CC BY-NC), uploaded by rubymoore"
945,,"(c) Dennis Rabeling, some rights reserved (CC BY-NC-ND), uploaded by Dennis Rabeling"
946,,"(c) sandra_bracun, some rights reserved (CC BY-NC)"
947,,"(c) Pauline Walsh Jacobson, some rights reserved (CC BY), uploaded by Pauline Walsh Jacobson"
948,,"(c) Mark Rosenstein, some rights reserved (CC BY-NC), uploaded by Mark Rosenstein"
949,,"(c) François Libert, some rights reserved (CC BY-NC-SA), uploaded by François Libert"
950,,"(c) zsispeo, some rights reserved (CC BY-NC-SA)"
951,,"(c) Sascha Schulz, some rights reserved (CC BY-NC), uploaded by Sascha Schulz"
952,,"(c) uwkwaj, some rights reserved (CC BY-NC), uploaded by uwkwaj"
953,,"(c) Marine Explorer (Dr John Turnbull), some rights reserved (CC BY-NC-SA)"
954,,"(c) Sam Smith, some rights reserved (CC BY-NC), uploaded by Sam Smith"
955,,"(c) Mark Rosenstein, some rights reserved (CC BY-NC), uploaded by Mark Rosenstein"
956,,"(c) Mark Rosenstein, some rights reserved (CC BY-NC), uploaded by Mark Rosenstein"
957,,"(c) Ian Shaw, all rights reserved, uploaded by Ian Shaw"
958,,"(c) mattdowse, some rights reserved (CC BY-NC), uploaded by mattdowse"
959,,"(c) divercraig, some rights reserved (CC BY-NC)"
960,,"(c) 104623964081378888743, some rights reserved (CC BY-NC), uploaded by 104623964081378888743"
961,,"(c) Frédéric ANDRE, some rights reserved (CC BY-NC), uploaded by Frédéric ANDRE"
962,,"(c) Rob Van Epps, some rights reserved (CC BY-NC), uploaded by Rob Van Epps"
963,,"(c) Glen Whisson, some rights reserved (CC BY-NC), uploaded by Glen Whisson"
964,,"(c) Luke, some rights reserved (CC BY-NC), uploaded by Luke"
965,,"(c) Ganjar Cahyadi, some rights reserved (CC BY-NC), uploaded by Ganjar Cahyadi"
966,,"(c) Tim Cameron, all rights reserved, uploaded by Tim Cameron"
967,,"(c) DavidR.808, some rights reserved (CC BY-NC), uploaded by DavidR.808"
968,,"(c) Wayne and Pam Osborn, some rights reserved (CC BY-NC), uploaded by Wayne and Pam Osborn"
969,,"(c) Joe Tomoleoni, all rights reserved, uploaded by Joe Tomoleoni"
970,,"(c) uwkwaj, some rights reserved (CC BY-NC), uploaded by uwkwaj"
971,,"(c) Vince Golder, some rights reserved (CC BY-NC), uploaded by Vince Golder"
972,,"(c) Mark Rosenstein, some rights reserved (CC BY-NC), uploaded by Mark Rosenstein"
973,,"(c) Alex R, some rights reserved (CC BY-NC), uploaded by Alex R"
974,,"(c) Francois Libert, some rights reserved (CC BY-NC), uploaded by Francois Libert"
975,,"(c) krkzv, some rights reserved (CC BY-NC), uploaded by krkzv"
976,,"(c) Bernat Garrigós, all rights reserved, uploaded by Bernat Garrigós"
977,,"(c) Francesco Ricciardi, some rights reserved (CC BY-NC), uploaded by Francesco Ricciardi"
978,,"(c) Erik Schlögl, some rights reserved (CC BY-NC), uploaded by Erik Schlögl"
979,,"(c) Glen Whisson, some rights reserved (CC BY-NC), uploaded by Glen Whisson"
980,,"(c) Kevin Bryant, some rights reserved (CC BY-NC-SA)"
981,,"(c) Steven Sennikoff, some rights reserved (CC BY-NC), uploaded by Steven Sennikoff"
982,,"(c) sudweeks, some rights reserved (CC BY-NC)"
983,,"(c) Frank Krasovec, some rights reserved (CC BY-NC), uploaded by Frank Krasovec"
984,,"(c) Marine Explorer (Dr John Turnbull), some rights reserved (CC BY-NC-SA)"
985,,"(c) François Libert, some rights reserved (CC BY-NC-SA), uploaded by François Libert"
986,,"(c) Erik Schlögl, some rights reserved (CC BY-NC), uploaded by Erik Schlögl"
987,,"(c) Siegfried Baesler, all rights reserved, uploaded by Siegfried Baesler"
988,,"(c) Ian Shaw, all rights reserved, uploaded by Ian Shaw"
989,,"(c) josepvilanova, all rights reserved, uploaded by josepvilanova"
990,,"(c) moxostoma, some rights reserved (CC BY), uploaded by moxostoma"
991,,"(c) Tim Cameron, all rights reserved, uploaded by Tim Cameron"
992,,"(c) Wayne and Pam Osborn, some rights reserved (CC BY-NC), uploaded by Wayne and Pam Osborn"
993,,"(c) Dennis Rabeling, some rights reserved (CC BY-NC-ND), uploaded by Dennis Rabeling"
994,,"(c) seasav, some rights reserved (CC BY-NC-ND), uploaded by seasav"
995,,"(c) Sara Thiebaud, some rights reserved (CC BY-NC), uploaded by Sara Thiebaud"
996,,"(c) Chien Lee, all rights reserved, uploaded by Chien Lee"
997,,"(c) Tim Cameron, all rights reserved, uploaded by Tim Cameron"
998,,"(c) Frank Krasovec, some rights reserved (CC BY-NC), uploaded by Frank Krasovec"
999,,"(c) Sara Thiebaud, some rights reserved (CC BY-NC), uploaded by Sara Thiebaud"
1000,,"(c) François Libert, some rights reserved (CC BY-NC-SA), uploaded by François Libert"
1001,,"(c) Tim McDade, all rights reserved, uploaded by Tim McDade"
1002,,"(c) Squidpastry, some rights reserved (CC BY-NC), uploaded by Squidpastry"
1003,,"(c) Andrew Taylor, some rights reserved (CC BY-NC), uploaded by Andrew Taylor"
1004,,"(c) Julien Renoult, some rights reserved (CC BY), uploaded by Julien Renoult"
1005,,"(c) Tim Cameron, all rights reserved, uploaded by Tim Cameron"
1006,,"(c) gernotkunz, all rights reserved, uploaded by gernotkunz"
1007,,"(c) Alexandra Hoschke, some rights reserved (CC BY-NC), uploaded by Alexandra Hoschke"
1008,,"(c) Emiko Kawamoto, all rights reserved, uploaded by Emiko Kawamoto"
1009,,"(c) Eric C. Maxwell, some rights reserved (CC BY-NC-ND), uploaded by Eric C. Maxwell"
1010,,"(c) Tony Wood, some rights reserved (CC BY-NC), uploaded by Tony Wood"
1011,,"(c) KJ, some rights reserved (CC BY-NC), uploaded by KJ"
1012,,"(c) Sylvain Corbel, some rights reserved (CC BY-NC-SA)"
1013,,"(c) Tino Strauss, some rights reserved (CC BY-SA)"
1014,,"(c) batfish, some rights reserved (CC BY-NC), uploaded by batfish"
1015,,"(c) Konstantin Gerasimov, some rights reserved (CC BY)"
1016,,"(c) Fernando Olea, some rights reserved (CC BY-NC), uploaded by Fernando Olea"
1017,,"(c) Erik Schlögl, some rights reserved (CC BY-NC), uploaded by Erik Schlögl"
1018,,"(c) craigjhowe, some rights reserved (CC BY-NC-ND)"
1019,,"(c) André Giraldi, some rights reserved (CC BY-NC), uploaded by André Giraldi"
1020,,"(c) IHUNTA, some rights reserved (CC BY-NC), uploaded by IHUNTA"
1021,,"(c) William Dulac, all rights reserved, uploaded by William Dulac"
1022,,"(c) Oregon Department of Fish & Wildlife, some rights reserved (CC BY-SA)"
1023,,"(c) Erik Schlögl, some rights reserved (CC BY-NC), uploaded by Erik Schlögl"
1024,,"(c) Craig Fujii, some rights reserved (CC BY-NC-ND), uploaded by Craig Fujii"
1025,,"(c) kary, some rights reserved (CC BY-NC), uploaded by kary"
1026,,"(c) 吳政翰, some rights reserved (CC BY-NC-ND), uploaded by 吳政翰"
1027,,"(c) Cathy Hollingdale, some rights reserved (CC BY-NC), uploaded by Cathy Hollingdale"
1028,,"(c) David R, some rights reserved (CC BY-NC), uploaded by David R"
1029,,"(c) kary, some rights reserved (CC BY-NC), uploaded by kary"
1030,,"(c) Lucy Keith-Diagne, some rights reserved (CC BY), uploaded by Lucy Keith-Diagne"
1031,,"(c) Richard Ling, some rights reserved (CC BY-NC-ND), uploaded by Richard Ling"
1032,,"(c) Ian Shaw, all rights reserved, uploaded by Ian Shaw"
1033,,"(c) Billy Bensted-Smith, some rights reserved (CC BY-NC), uploaded by Billy Bensted-Smith"
1034,,"(c) Emilio Concari, some rights reserved (CC BY-NC), uploaded by Emilio Concari"
1035,,"(c) Mark Rosenstein, some rights reserved (CC BY-NC), uploaded by Mark Rosenstein"
1036,,"(c) zsispeo, some rights reserved (CC BY-SA)"
1037,,"(c) Justin Warner, some rights reserved (CC BY-NC), uploaded by Justin Warner"
1038,,"(c) Dwight Baker, some rights reserved (CC BY-NC), uploaded by Dwight Baker"
1039,,"(c) François Libert, some rights reserved (CC BY-NC-SA), uploaded by François Libert"
1040,,"(c) Andrew Harmer, some rights reserved (CC BY-NC), uploaded by Andrew Harmer"
1041,,"(c) Fernando Olea, some rights reserved (CC BY-NC), uploaded by Fernando Olea"
1042,,"(c) craigjhowe, some rights reserved (CC BY-NC-ND)"
1043,,"(c) Stergios Vasilis, some rights reserved (CC BY-NC-ND), uploaded by Stergios Vasilis"
1044,,"(c) Bernat Garrigós, some rights reserved (CC BY-NC), uploaded by Bernat Garrigós"
1045,,"(c) Mark Rosenstein, some rights reserved (CC BY-NC), uploaded by Mark Rosenstein"
1046,,"(c) Nigel Marsh, some rights reserved (CC BY-NC), uploaded by Nigel Marsh"
1047,,"(c) Ian Shaw, all rights reserved, uploaded by Ian Shaw"
1048,,"(c) terence zahner, some rights reserved (CC BY-NC), uploaded by terence zahner"
1049,,"(c) J. Martin Crossley, some rights reserved (CC BY-NC-SA), uploaded by J. Martin Crossley"
1050,,"(c) J. Martin Crossley, some rights reserved (CC BY-NC-SA), uploaded by J. Martin Crossley"
1051,,"(c) Bernat Garrigós, some rights reserved (CC BY-NC), uploaded by Bernat Garrigós"
1052,,"(c) craigjhowe, some rights reserved (CC BY-NC-ND)"
1053,,"(c) Jean-Paul Cassez, some rights reserved (CC BY-NC), uploaded by Jean-Paul Cassez"
1054,,"(c) David R, some rights reserved (CC BY-NC)"
1055,,"(c) canaryrockfish, some rights reserved (CC BY-NC), uploaded by canaryrockfish"
1056,,"(c) Karl Questel, all rights reserved, uploaded by Karl Questel"
1057,,"(c) Ian Banks, some rights reserved (CC BY-NC), uploaded by Ian Banks"
1058,,"(c) Francesco Ricciardi, some rights reserved (CC BY-NC), uploaded by Francesco Ricciardi"
1059,,"(c) Ian Banks, some rights reserved (CC BY-NC), uploaded by Ian Banks"
1060,,"(c) Riley-Brendan Walsh, some rights reserved (CC BY-NC), uploaded by Riley-Brendan Walsh"
1061,,"(c) Nikolai Vladimirov, some rights reserved (CC BY-NC), uploaded by Nikolai Vladimirov"
1062,,"(c) Sascha Schulz, some rights reserved (CC BY-NC), uploaded by Sascha Schulz"
1063,,"(c) Shigeru Harazaki, all rights reserved, uploaded by Shigeru Harazaki"
1064,,"(c) Marine Explorer (Dr John Turnbull), some rights reserved (CC BY-NC-SA)"
1065,,"(c) Lesley Clements, all rights reserved"
1066,,"(c) Michael Bommerer, some rights reserved (CC BY), uploaded by Michael Bommerer"
1067,,"(c) John Hoover, all rights reserved, uploaded by John Hoover"
1068,,"(c) David Parker, all rights reserved, uploaded by David Parker"
1069,,"(c) Joe Tomoleoni, all rights reserved, uploaded by Joe Tomoleoni"
1070,,"(c) terence zahner, some rights reserved (CC BY-NC), uploaded by terence zahner"
1071,,"(c) Emilio Concari, some rights reserved (CC BY-NC), uploaded by Emilio Concari"
1072,,"(c) Cristian M. Galván Villa, some rights reserved (CC BY-NC), uploaded by Cristian M. Galván Villa"
1073,,"(c) Mélodie Caussat, some rights reserved (CC BY-NC), uploaded by Mélodie Caussat"
1074,,"(c) Fernando Olea, some rights reserved (CC BY-NC), uploaded by Fernando Olea"
1075,,"(c) Yinan Li, some rights reserved (CC BY-NC), uploaded by Yinan Li"
1076,,"(c) Kevin Bryant, some rights reserved (CC BY-NC-SA)"
1077,,"(c) Abu Hamas, some rights reserved (CC BY-SA), uploaded by Abu Hamas"
1078,,"(c) Tsu Soo Tan, some rights reserved (CC BY-NC), uploaded by Tsu Soo Tan"
1079,,"(c) Paul Sorensen, some rights reserved (CC BY-NC), uploaded by Paul Sorensen"
1080,,"(c) Domenico Ruvolo, all rights reserved, uploaded by Domenico Ruvolo"
1081,,"(c) Sascha Schulz, some rights reserved (CC BY-NC), uploaded by Sascha Schulz"
1082,,"(c) Dan Schofield, some rights reserved (CC BY), uploaded by Dan Schofield"
1083,,"(c) lcolmer, some rights reserved (CC BY-NC), uploaded by lcolmer"
1084,,"(c) Mark Rosenstein, some rights reserved (CC BY-NC)"
1085,,"(c) Andrew Trevor-Jones, all rights reserved, uploaded by Andrew Trevor-Jones"
1086,,"(c) Prat, some rights reserved (CC BY-NC), uploaded by Prat"
1087,,"(c) Brian Gratwicke, some rights reserved (CC BY)"
1088,,"(c) Emilio Concari, some rights reserved (CC BY-NC), uploaded by Emilio Concari"
1089,,"(c) Sascha Schulz, some rights reserved (CC BY-NC), uploaded by Sascha Schulz"
1090,,"(c) Mark Rosenstein, some rights reserved (CC BY-NC), uploaded by Mark Rosenstein"
1091,,"(c) Piotr Lukasik, some rights reserved (CC BY), uploaded by Piotr Lukasik"
1092,,"(c) François Libert, some rights reserved (CC BY-NC-SA), uploaded by François Libert"
1093,,"(c) David R, some rights reserved (CC BY-NC), uploaded by David R"
1094,,"(c) Mark Rosenstein, some rights reserved (CC BY-NC), uploaded by Mark Rosenstein"
1095,,"(c) Mark Rosenstein, some rights reserved (CC BY-NC), uploaded by Mark Rosenstein"
1096,,"(c) Jim Greenfield, all rights reserved, uploaded by Jim Greenfield"
1097,,"(c) Alberto Tamietti, some rights reserved (CC BY-NC), uploaded by Alberto Tamietti"
1098,,"(c) Fernando Olea, some rights reserved (CC BY-NC), uploaded by Fernando Olea"
1099,,"(c) François Libert, some rights reserved (CC BY-NC-SA), uploaded by François Libert"
1100,,"(c) François Libert, some rights reserved (CC BY-NC-SA)"
1101,,"(c) Erik Schlögl, some rights reserved (CC BY-NC), uploaded by Erik Schlögl"
1102,,"(c) Michal, some rights reserved (CC BY-NC), uploaded by Michal"
1103,,"(c) Mark Rosenstein, some rights reserved (CC BY-NC), uploaded by Mark Rosenstein"
1104,,"(c) peter Bardsley, some rights reserved (CC BY-NC), uploaded by peter Bardsley"
1105,,"(c) Aquatic Ecosystem Health, some rights reserved (CC BY-NC), uploaded by Aquatic Ecosystem Health"
1106,,"(c) H.T.Cheng, some rights reserved (CC BY-NC), uploaded by H.T.Cheng"
1107,,"(c) Emil B, some rights reserved (CC BY-NC), uploaded by Emil B"
1108,,"(c) sercfisheries, some rights reserved (CC BY-NC), uploaded by sercfisheries"
1109,,"(c) Mark Rosenstein, some rights reserved (CC BY-NC)"
1110,,"(c) J. Martin Crossley, some rights reserved (CC BY-NC-SA), uploaded by J. Martin Crossley"
1111,,"(c) craigjhowe, some rights reserved (CC BY-NC-ND)"
1112,,"(c) Dawn Goebbels, some rights reserved (CC BY-NC), uploaded by Dawn Goebbels"
1113,,"(c) François Libert, some rights reserved (CC BY-NC-SA), uploaded by François Libert"
1114,,"(c) Jeff Goddard, some rights reserved (CC BY-NC), uploaded by Jeff Goddard"
1115,,"(c) David R, some rights reserved (CC BY-NC)"
1116,,"(c) juju98, some rights reserved (CC BY-NC), uploaded by juju98"
1117,,"(c) Eric C. Maxwell, some rights reserved (CC BY-NC-ND), uploaded by Eric C. Maxwell"
1118,,"(c) Sylvain Le Bris, some rights reserved (CC BY-NC), uploaded by Sylvain Le Bris"
1119,,"(c) uwkwaj, some rights reserved (CC BY-NC), uploaded by uwkwaj"
1120,,"(c) Francois Libert, some rights reserved (CC BY-NC), uploaded by Francois Libert"
1121,,"(c) Fernando Olea, some rights reserved (CC BY-NC), uploaded by Fernando Olea"
1122,,"(c) Mark Rosenstein, some rights reserved (CC BY-NC), uploaded by Mark Rosenstein"
1123,,"(c) Luis P. B., some rights reserved (CC BY-NC), uploaded by Luis P. B."
1124,,"(c) chrosomusenthusiast, some rights reserved (CC BY-NC)"
1125,,"(c) Paul Sorensen, some rights reserved (CC BY-NC), uploaded by Paul Sorensen"
1126,,"(c) craigjhowe, some rights reserved (CC BY-NC-ND)"
1127,,"(c) Andrey Ryanskiy, all rights reserved, uploaded by Andrey Ryanskiy"
1128,,"(c) John Thorogood, some rights reserved (CC BY-NC), uploaded by John Thorogood"
1129,,"(c) Sascha Schulz, some rights reserved (CC BY-NC), uploaded by Sascha Schulz"
1130,,"(c) 김대환, 이선미, some rights reserved (CC BY-NC), uploaded by 김대환, 이선미"
1131,,"(c) Mark Rosenstein, some rights reserved (CC BY-NC), uploaded by Mark Rosenstein"
1132,,"(c) Tim Cameron, all rights reserved, uploaded by Tim Cameron"
1133,,"(c) Francisco V. Bezerra Neto, some rights reserved (CC BY-SA), uploaded by Francisco V. Bezerra Neto"
1134,,"(c) Luis P. B., some rights reserved (CC BY-NC), uploaded by Luis P. B."
1135,,"(c) Frank Krasovec, some rights reserved (CC BY-NC), uploaded by Frank Krasovec"
1136,,"(c) Jeremy_Jodoin, some rights reserved (CC BY-NC), uploaded by Jeremy_Jodoin"
1137,,"(c) uconnbirdfish, some rights reserved (CC BY-NC-ND), uploaded by uconnbirdfish"
1138,,"(c) Emilio Concari, some rights reserved (CC BY-NC), uploaded by Emilio Concari"
1139,,"(c) craigjhowe, some rights reserved (CC BY-NC-ND)"
1140,,"(c) João Pedro Silva, some rights reserved (CC BY-NC)"
1141,,"(c) Jim Greenfield, all rights reserved, uploaded by Jim Greenfield"
1142,,"(c) Nigel Marsh, some rights reserved (CC BY-NC), uploaded by Nigel Marsh"
1143,,"(c) Miciah McNels, all rights reserved, uploaded by Miciah McNels"
1144,,"(c) Ian Shaw, all rights reserved, uploaded by Ian Shaw"
1145,,"(c) J. Martin Crossley, some rights reserved (CC BY-NC-SA), uploaded by J. Martin Crossley"
1146,,"(c) Erik Schlögl, some rights reserved (CC BY-NC), uploaded by Erik Schlögl"
1147,,"(c) brycenator, some rights reserved (CC BY-NC), uploaded by brycenator"
1148,,"(c) Mac Lin, some rights reserved (CC BY-NC-ND), uploaded by Mac Lin"
1149,,"(c) Blogie Robillo, some rights reserved (CC BY-NC-ND), uploaded by Blogie Robillo"
1150,,"(c) Milla-Maria Salo, some rights reserved (CC BY-SA)"
1151,,"(c) Dustin Lynch, all rights reserved, uploaded by Dustin Lynch"
1152,,"(c) Alejandra MacNeil, all rights reserved, uploaded by Alejandra MacNeil"
1153,,"(c) François Libert, some rights reserved (CC BY-NC-SA)"
1154,,"(c) Mark Rosenstein, some rights reserved (CC BY-NC), uploaded by Mark Rosenstein"
1155,,"(c) Craig Fujii, some rights reserved (CC BY-NC-ND), uploaded by Craig Fujii"
1156,,"(c) Tiffany Kosch, some rights reserved (CC BY-NC-SA), uploaded by Tiffany Kosch"
1157,,"(c) californiafishlover, some rights reserved (CC BY-NC)"
1158,,"(c) Erik Schlögl, some rights reserved (CC BY-NC), uploaded by Erik Schlögl"
1159,,"(c) terence zahner, some rights reserved (CC BY-NC), uploaded by terence zahner"
1160,,"SEFSC Pascagoula Laboratory; Collection of Brandi Noble, NOAA/NMFS/SEFSC, no known copyright restrictions (public domain)"
1161,,"(c) François Libert, some rights reserved (CC BY-NC-SA), uploaded by François Libert"
1162,,"(c) François Libert, some rights reserved (CC BY-NC-SA), uploaded by François Libert"
1163,,"(c) Dennis Rabeling, some rights reserved (CC BY-NC-ND), uploaded by Dennis Rabeling"
1164,,"(c) miguelbracamontes, all rights reserved"
1165,,"(c) Ciara T. McKim, some rights reserved (CC BY-NC), uploaded by Ciara T. McKim"
1166,,"(c) gernotkunz, all rights reserved, uploaded by gernotkunz"
1167,,"(c) Mark Rosenstein, some rights reserved (CC BY-NC), uploaded by Mark Rosenstein"
1168,,"(c) Mark Rosenstein, some rights reserved (CC BY-NC), uploaded by Mark Rosenstein"
1169,,"(c) Kari McWest, all rights reserved, uploaded by Kari McWest"
1170,,"(c) Erik Schlögl, some rights reserved (CC BY-NC), uploaded by Erik Schlögl"
1171,,"(c) lcolmer, some rights reserved (CC BY-NC), uploaded by lcolmer"
1172,,"(c) Lucas Carter, all rights reserved, uploaded by Lucas Carter"
1173,,"(c) Christian Amador Da Silva, all rights reserved, uploaded by Christian Amador Da Silva"
1174,,"(c) François Libert, some rights reserved (CC BY-NC), uploaded by François Libert"
1175,,"(c) François Libert, some rights reserved (CC BY-NC-SA), uploaded by François Libert"
1176,,"(c) Shigeru Harazaki, all rights reserved, uploaded by Shigeru Harazaki"
1177,,"(c) Erik Schlögl, some rights reserved (CC BY-NC), uploaded by Erik Schlögl"
1178,,"(c) Stepan Markin, some rights reserved (CC BY-NC), uploaded by Stepan Markin"
1179,,"(c) marciariederer, some rights reserved (CC BY-NC), uploaded by marciariederer"
1180,,"(c) Pauline Walsh Jacobson, some rights reserved (CC BY), uploaded by Pauline Walsh Jacobson"
1181,,"(c) Francois Libert, some rights reserved (CC BY-NC), uploaded by Francois Libert"
1182,,"(c) josepvilanova, some rights reserved (CC BY-NC), uploaded by josepvilanova"
1183,,"(c) Mark Rosenstein, some rights reserved (CC BY-NC), uploaded by Mark Rosenstein"
1184,,"(c) olieturner3, some rights reserved (CC BY-NC), uploaded by olieturner3"
1185,,"(c) J. Martin Crossley, some rights reserved (CC BY-NC-SA), uploaded by J. Martin Crossley"
1186,,"(c) marlin harms, some rights reserved (CC BY)"
1187,,"(c) Colin Marshall, some rights reserved (CC BY-NC-ND), uploaded by Colin Marshall"
1188,,"(c) Erik Schlögl, some rights reserved (CC BY-NC), uploaded by Erik Schlögl"
1189,,"(c) Alberto Alcalá, some rights reserved (CC BY), uploaded by Alberto Alcalá"
1190,,"(c) Kim, Hyun-tae, some rights reserved (CC BY), uploaded by Kim, Hyun-tae"
1191,,"(c) Mark Rosenstein, some rights reserved (CC BY-NC), uploaded by Mark Rosenstein"
1192,,"(c) Felipe Campos, some rights reserved (CC BY-NC), uploaded by Felipe Campos"
1193,,"(c) Steve Smith, some rights reserved (CC BY-NC-ND), uploaded by Steve Smith"
1194,,"(c) Mark Rosenstein, some rights reserved (CC BY-NC), uploaded by Mark Rosenstein"
1195,,"(c) Emilio Concari, some rights reserved (CC BY-NC), uploaded by Emilio Concari"
1196,,"(c) B.C. angler, all rights reserved, uploaded by B.C. angler"
1197,,"(c) Mark Rosenstein, some rights reserved (CC BY-NC), uploaded by Mark Rosenstein"
1198,,"(c) Евгений Софронов, some rights reserved (CC BY-NC), uploaded by Евгений Софронов"
1199,,"(c) Ivan Khh, some rights reserved (CC BY-NC), uploaded by Ivan Khh"
1200,,"(c) Nigel Marsh, some rights reserved (CC BY-NC), uploaded by Nigel Marsh"
1201,,"(c) Ian Shaw, all rights reserved, uploaded by Ian Shaw"
1202,,"(c) Miciah McNels, all rights reserved, uploaded by Miciah McNels"
1203,,"(c) Mark Rosenstein, some rights reserved (CC BY-NC), uploaded by Mark Rosenstein"
1204,,"(c) uwkwaj, some rights reserved (CC BY-NC), uploaded by uwkwaj"
1205,,"(c) Anne Hoggett, some rights reserved (CC BY-NC), uploaded by Anne Hoggett"
1206,,"(c) gernotkunz, all rights reserved, uploaded by gernotkunz"
1207,,"(c) Gaell Mainguy, some rights reserved (CC BY-NC-ND), uploaded by Gaell Mainguy"
1208,,"(c) http://ffish.asia, some rights reserved (CC BY)"
1209,,"(c) Jim Greenfield, all rights reserved, uploaded by Jim Greenfield"
1210,,"(c) juju98, some rights reserved (CC BY-NC), uploaded by juju98"
1211,,"(c) Vince Golder, some rights reserved (CC BY-NC), uploaded by Vince Golder"
1212,,"(c) Sylvain Le Bris, some rights reserved (CC BY-NC), uploaded by Sylvain Le Bris"
1213,,"(c) zsispeo, some rights reserved (CC BY-NC-SA)"
1214,,"(c) Tim Cameron, all rights reserved, uploaded by Tim Cameron"
1215,,"(c) Dennis Rabeling, some rights reserved (CC BY-NC-ND), uploaded by Dennis Rabeling"
1216,,"(c) Ian Shaw, all rights reserved, uploaded by Ian Shaw"
1217,,"(c) Sara Thiebaud, some rights reserved (CC BY-NC), uploaded by Sara Thiebaud"
1218,,"(c) Christopher Mayhew, all rights reserved, uploaded by Christopher Mayhew"
1219,,"(c) Mark Rosenstein, some rights reserved (CC BY-NC), uploaded by Mark Rosenstein"
1220,,"(c) Erik Schlögl, some rights reserved (CC BY-NC), uploaded by Erik Schlögl"
1221,,"(c) Julien Renoult, some rights reserved (CC BY), uploaded by Julien Renoult"
1222,,"(c) Glen Whisson, some rights reserved (CC BY-NC), uploaded by Glen Whisson"
1223,,"(c) Sylvain Le Bris, some rights reserved (CC BY-NC), uploaded by Sylvain Le Bris"
1224,,"(c) Mark Rosenstein, some rights reserved (CC BY-NC), uploaded by Mark Rosenstein"
1225,,"(c) Rod Sleath, some rights reserved (CC BY-NC), uploaded by Rod Sleath"
1226,,"(c) terence zahner, some rights reserved (CC BY-NC), uploaded by terence zahner"
1227,,"(c) Frank Krasovec, some rights reserved (CC BY-NC), uploaded by Frank Krasovec"
1228,,"(c) uwkwaj, some rights reserved (CC BY-NC), uploaded by uwkwaj"
1229,,"(c) User:Qwertzy2, some rights reserved (CC BY-SA)"
1230,,"(c) Brian Gratwicke, some rights reserved (CC BY)"
1231,,"(c) Ian Shaw, all rights reserved, uploaded by Ian Shaw"
1232,,"(c) josepvilanova, some rights reserved (CC BY-NC), uploaded by josepvilanova"
1233,,"(c) Sonya, all rights reserved, uploaded by Sonya"
1234,,"(c) Steve Kelly, some rights reserved (CC BY-NC), uploaded by Steve Kelly"
1235,,"(c) Nigel Marsh, some rights reserved (CC BY-NC), uploaded by Nigel Marsh"
1236,,"(c) Andaman Kaosung, all rights reserved, uploaded by Andaman Kaosung"
1237,,"(c) Michi Tobler, all rights reserved, uploaded by Michi Tobler"
1238,,"(c) Sara Thiebaud, some rights reserved (CC BY-NC), uploaded by Sara Thiebaud"
1239,,"(c) dawidw, some rights reserved (CC BY-NC), uploaded by dawidw"
1240,,"(c) Valeria Mas, some rights reserved (CC BY-NC), uploaded by Valeria Mas"
1241,,"(c) Jeff Stauffer, all rights reserved, uploaded by Jeff Stauffer"
1242,,"(c) Kieran Cox, all rights reserved, uploaded by Kieran Cox"
1243,,"(c) Sascha Schulz, some rights reserved (CC BY-NC), uploaded by Sascha Schulz"
1244,,"(c) kary, some rights reserved (CC BY-NC), uploaded by kary"
1245,,"(c) uwkwaj, some rights reserved (CC BY-NC), uploaded by uwkwaj"
1246,,"(c) J. Martin Crossley, some rights reserved (CC BY-NC-SA), uploaded by J. Martin Crossley"
1247,,"(c) Mark Rosenstein, some rights reserved (CC BY-NC), uploaded by Mark Rosenstein"
1248,,"(c) Dennis Rabeling, some rights reserved (CC BY-NC-ND), uploaded by Dennis Rabeling"
1249,,"(c) Alexandra Hoschke, some rights reserved (CC BY-NC), uploaded by Alexandra Hoschke"
1250,,"(c) Sílvia Tavares, all rights reserved, uploaded by Sílvia Tavares"
1251,,"(c) Roberto Pillon, some rights reserved (CC BY-NC), uploaded by Roberto Pillon"
1252,,"(c) Matt Ruglys, some rights reserved (CC BY-NC), uploaded by Matt Ruglys"
1253,,"(c) Tim Cameron, all rights reserved, uploaded by Tim Cameron"
1254,,"(c) J. Martin Crossley, some rights reserved (CC BY-NC-SA), uploaded by J. Martin Crossley"
1255,,"(c) Nigel Marsh, some rights reserved (CC BY-NC), uploaded by Nigel Marsh"
1256,,"(c) uwkwaj, some rights reserved (CC BY-NC), uploaded by uwkwaj"
1257,,"(c) John Sear, some rights reserved (CC BY-NC), uploaded by John Sear"
1258,,"(c) Pauline Walsh Jacobson, some rights reserved (CC BY), uploaded by Pauline Walsh Jacobson"
1259,,"(c) Felipe Campos, some rights reserved (CC BY-NC), uploaded by Felipe Campos"
1260,,"(c) David R, some rights reserved (CC BY-NC), uploaded by David R"
1261,,"(c) Ben, some rights reserved (CC BY-NC), uploaded by Ben"
1262,,"(c) Rudolf Svensen, all rights reserved, uploaded by Rudolf Svensen"
1263,,"(c) John Sear, some rights reserved (CC BY-NC), uploaded by John Sear"
1264,,"(c) zsispeo, some rights reserved (CC BY-NC-SA)"
1265,,"(c) Xaime Beiro, some rights reserved (CC BY-NC-ND), uploaded by Xaime Beiro"
1266,,"(c) Emilio Concari, some rights reserved (CC BY-NC), uploaded by Emilio Concari"
1267,,"(c) Francois Libert, some rights reserved (CC BY-NC), uploaded by Francois Libert"
1268,,"(c) Bradley Rasmussen, some rights reserved (CC BY-NC), uploaded by Bradley Rasmussen"
1269,,"(c) Ivan Samra, some rights reserved (CC BY-NC), uploaded by Ivan Samra"
1270,,"(c) Mark Rosenstein, some rights reserved (CC BY-NC), uploaded by Mark Rosenstein"
1271,,"(c) François Libert, some rights reserved (CC BY-NC), uploaded by François Libert"
1272,,"(c) Ernest Keeley, some rights reserved (CC BY-NC), uploaded by Ernest Keeley"
1273,,"(c) Bridger Scraper, all rights reserved, uploaded by Bridger Scraper"
1274,,"(c) David R, some rights reserved (CC BY-NC), uploaded by David R"
1275,,"(c) Julien Renoult, some rights reserved (CC BY), uploaded by Julien Renoult"
1276,,"(c) Philip Thomas, some rights reserved (CC BY-NC), uploaded by Philip Thomas"
1277,,"(c) Alex R, some rights reserved (CC BY-NC), uploaded by Alex R"
1278,,"(c) Luis P. B., some rights reserved (CC BY-NC), uploaded by Luis P. B."
1279,,"(c) Nathan Aycock, all rights reserved, uploaded by Nathan Aycock"
1280,,"(c) wilson_barrett, some rights reserved (CC BY-NC)"
1281,,"(c) Kent Miller, some rights reserved (CC BY-ND), uploaded by Kent Miller"
1282,,"(c) Bernd Dietrich, some rights reserved (CC BY-NC), uploaded by Bernd Dietrich"
1283,,"(c) Sascha Schulz, some rights reserved (CC BY-NC), uploaded by Sascha Schulz"
1284,,"(c) Alberto Alcalá, some rights reserved (CC BY), uploaded by Alberto Alcalá"
1285,,"(c) Kevin Metcalf, some rights reserved (CC BY-NC), uploaded by Kevin Metcalf"
1286,,"(c) Christopher Power, some rights reserved (CC BY-NC), uploaded by Christopher Power"
1287,,"(c) Nicolas Huet (MC Fishman), all rights reserved, uploaded by Nicolas Huet (MC Fishman)"
1288,,"(c) Kent Miller, some rights reserved (CC BY-ND), uploaded by Kent Miller"
1289,,"(c) Pat Webster @underwaterpat, all rights reserved, uploaded by Pat Webster @underwaterpat"
1290,,"(c) Athila Bertoncini Andrade, some rights reserved (CC BY-NC-SA), uploaded by Athila Bertoncini Andrade"
1291,,"(c) David Spencer Muirhead, some rights reserved (CC BY-NC), uploaded by David Spencer Muirhead"
1292,,"(c) Mark Rosenstein, some rights reserved (CC BY-NC), uploaded by Mark Rosenstein"
1293,,"(c) Erik Schlögl, some rights reserved (CC BY-NC), uploaded by Erik Schlögl"
1294,,"(c) Ian Shaw, all rights reserved, uploaded by Ian Shaw"
1295,,"(c) Frédéric ANDRE, some rights reserved (CC BY-NC), uploaded by Frédéric ANDRE"
1296,,"(c) Vince Golder, all rights reserved, uploaded by Vince Golder"
1297,,"(c) H.T.Cheng, some rights reserved (CC BY-NC), uploaded by H.T.Cheng"
1298,,"(c) rwcannon57, some rights reserved (CC BY-NC)"
1299,,"(c) mykle hoban, all rights reserved"
1300,,"(c) Francois Libert, some rights reserved (CC BY-NC), uploaded by Francois Libert"
1301,,"(c) Squidpastry, some rights reserved (CC BY-NC), uploaded by Squidpastry"
1302,,"(c) Julien Renoult, some rights reserved (CC BY), uploaded by Julien Renoult"
1303,,"(c) Klaus Stiefel, some rights reserved (CC BY-NC)"
1304,,"(c) Piet Spaans, some rights reserved (CC BY-SA)"
1305,,"(c) François Libert, some rights reserved (CC BY-NC-SA)"
1306,,"(c) Dennis Rabeling, some rights reserved (CC BY-NC-ND), uploaded by Dennis Rabeling"
1307,,"(c) Johan Bas, some rights reserved (CC BY-NC), uploaded by Johan Bas"
1308,,"(c) Jacob Jones, some rights reserved (CC BY-NC), uploaded by Jacob Jones"
1309,,"(c) Ian Shaw, all rights reserved, uploaded by Ian Shaw"
1310,,"(c) David R, some rights reserved (CC BY-NC), uploaded by David R"
1311,,"(c) Rita Jansen, some rights reserved (CC BY-NC-SA), uploaded by Rita Jansen"
1312,,"(c) lefua, some rights reserved (CC BY-NC), uploaded by lefua"
1313,,"(c) Alex Bairstow, some rights reserved (CC BY-NC), uploaded by Alex Bairstow"
1314,,"(c) Erick Sosa R., some rights reserved (CC BY-NC), uploaded by Erick Sosa R."
1315,,"(c) Mark Rosenstein, some rights reserved (CC BY-NC), uploaded by Mark Rosenstein"
1316,,"(c) Philip Thomas, some rights reserved (CC BY-NC), uploaded by Philip Thomas"
1317,,"(c) Miciah McNels, all rights reserved, uploaded by Miciah McNels"
1318,,"(c) tamsynmann, all rights reserved, uploaded by tamsynmann"
1319,,"(c) Joe Tomoleoni, all rights reserved, uploaded by Joe Tomoleoni"
1320,,"(c) BernardP, some rights reserved (CC BY-SA)"
1321,,"(c) François Libert, some rights reserved (CC BY-NC-SA), uploaded by François Libert"
1322,,"(c) Moses J. Michelsohn, some rights reserved (CC BY-NC), uploaded by Moses J. Michelsohn"
1323,,"(c) Luis P. B., some rights reserved (CC BY-NC), uploaded by Luis P. B."
1324,,"(c) canaryrockfish, some rights reserved (CC BY-NC), uploaded by canaryrockfish"
1325,,"(c) Cameron Layne, some rights reserved (CC BY-NC), uploaded by Cameron Layne"
1326,,"(c) J. Martin Crossley, some rights reserved (CC BY-NC-SA), uploaded by J. Martin Crossley"
1327,,"(c) Juha-Matti Hakala, all rights reserved, uploaded by Juha-Matti Hakala"
1328,,"(c) David R, some rights reserved (CC BY-NC), uploaded by David R"
1329,,"(c) zsispeo, some rights reserved (CC BY-NC-SA)"
1330,,"(c) pincetczy, some rights reserved (CC BY-NC)"
1331,,"(c) Francois Libert, some rights reserved (CC BY-NC-SA)"
1332,,"(c) Tohru Murakami, some rights reserved (CC BY-NC)"
1333,,"(c) Halvard Aas Midtun, all rights reserved, uploaded by Halvard Aas Midtun"
1334,,"(c) J. Martin Crossley, some rights reserved (CC BY-NC-SA), uploaded by J. Martin Crossley"
1335,,"(c) Mark Rosenstein, some rights reserved (CC BY-NC), uploaded by Mark Rosenstein"
1336,,"(c) François Libert, some rights reserved (CC BY-NC-SA), uploaded by François Libert"
1337,,"(c) Tim Sheerman-Chase, some rights reserved (CC BY)"
1338,,"(c) uwkwaj, some rights reserved (CC BY-NC), uploaded by uwkwaj"
1339,,"(c) Francois Libert, some rights reserved (CC BY-NC), uploaded by Francois Libert"
1340,,"(c) fuzzy little duckling, some rights reserved (CC BY-NC), uploaded by fuzzy little duckling"
1341,,"(c) Lesley Clements, all rights reserved"
1342,,"(c) Andrew J. Green / Reef Life Survey, some rights reserved (CC BY)"
1343,,"(c) John Sear, some rights reserved (CC BY-NC), uploaded by John Sear"
1344,,"(c) Steven Wang, all rights reserved, uploaded by Steven Wang"
1345,,"(c) Karen Willshaw, some rights reserved (CC BY-NC), uploaded by Karen Willshaw"
1346,,"(c) sharkdevotee, some rights reserved (CC BY-NC)"
1347,,"(c) Jess, some rights reserved (CC BY-NC), uploaded by Jess"
1348,,"(c) François Libert, some rights reserved (CC BY-NC), uploaded by François Libert"
1349,,"(c) Nick Volpe, some rights reserved (CC BY-NC), uploaded by Nick Volpe"
1350,,"(c) Ernesto Cavallini, some rights reserved (CC BY-NC), uploaded by Ernesto Cavallini"
1351,,"(c) whodden, some rights reserved (CC BY-NC), uploaded by whodden"
1352,,"(c) Phil Bendle, all rights reserved, uploaded by Phil Bendle"
1353,,"(c) Jeff Stauffer, all rights reserved, uploaded by Jeff Stauffer"
1354,,"(c) Squidpastry, some rights reserved (CC BY-NC), uploaded by Squidpastry"
1355,,"(c) Ian Shaw, all rights reserved, uploaded by Ian Shaw"
1356,,"(c) Steven Wang, some rights reserved (CC BY), uploaded by Steven Wang"
1357,,"(c) CallieSanDiego, some rights reserved (CC BY-NC), uploaded by CallieSanDiego"
1358,,"(c) Lesley Clements, all rights reserved"
1359,,"(c) Kevin Bryant, some rights reserved (CC BY-NC-SA)"
1360,,"(c) John Turnbull, some rights reserved (CC BY-NC-SA)"
1361,,"(c) Cricket Raspet, some rights reserved (CC BY), uploaded by Cricket Raspet"
1362,,"(c) LJ Etchison, all rights reserved, uploaded by LJ Etchison"
1363,,"(c) François Libert, some rights reserved (CC BY-NC-SA), uploaded by François Libert"
1364,,"(c) Josh Houston, some rights reserved (CC BY-NC), uploaded by Josh Houston"
1365,,"(c) Andaman Kaosung, all rights reserved, uploaded by Andaman Kaosung"
1366,,"(c) H.T.Cheng, some rights reserved (CC BY-NC), uploaded by H.T.Cheng"
1367,,"(c) Bernard Picton, some rights reserved (CC BY), uploaded by Bernard Picton"
1368,,"(c) species_spotlight, all rights reserved, uploaded by species_spotlight"
1369,,"(c) Delana, all rights reserved, uploaded by Delana"
1370,,"(c) David R, some rights reserved (CC BY-NC), uploaded by David R"
1371,,"(c) Wayne and Pam Osborn, some rights reserved (CC BY-NC), uploaded by Wayne and Pam Osborn"
1372,,"(c) MARC MARTIN SOLA, some rights reserved (CC BY-NC), uploaded by MARC MARTIN SOLA"
1373,,"(c) Pauline Walsh Jacobson, some rights reserved (CC BY), uploaded by Pauline Walsh Jacobson"
1374,,"(c) BJ Stacey, some rights reserved (CC BY-NC)"
1375,,"(c) Tim Cameron, all rights reserved"
1376,,"(c) lillianclementine, some rights reserved (CC BY-ND)"
1377,,"(c) Kevin Bryant, some rights reserved (CC BY-NC-SA)"
1378,,"(c) J. Martin Crossley, some rights reserved (CC BY-NC-SA), uploaded by J. Martin Crossley"
1379,,"(c) Keith DP Wilson, some rights reserved (CC BY-NC)"
1380,,"(c) Mark Rosenstein, some rights reserved (CC BY-NC), uploaded by Mark Rosenstein"
1381,,"(c) Francois Libert, some rights reserved (CC BY-NC-SA)"
1382,,"(c) Floyd E. Hayes, some rights reserved (CC BY-NC), uploaded by Floyd E. Hayes"
1383,,"(c) Marine Explorer (Dr John Turnbull), some rights reserved (CC BY-NC-SA)"
1384,,"(c) Alexandra Hoschke, some rights reserved (CC BY-NC), uploaded by Alexandra Hoschke"
1385,,"(c) Tim Cameron, all rights reserved, uploaded by Tim Cameron"
1386,,"(c) Jim Greenfield, all rights reserved, uploaded by Jim Greenfield"
1387,,"(c) Storm Martin, some rights reserved (CC BY), uploaded by Storm Martin"
1388,,"(c) mumudu, some rights reserved (CC BY-NC)"
1389,,"(c) Tim Cameron, all rights reserved"
1390,,"(c) uwkwaj, some rights reserved (CC BY-NC), uploaded by uwkwaj"
1391,,"(c) Tim Cameron, all rights reserved"
1392,,"(c) J. Martin Crossley, some rights reserved (CC BY-NC-SA), uploaded by J. Martin Crossley"
1393,,"(c) Jacob, some rights reserved (CC BY-NC), uploaded by Jacob"
1394,,"(c) Alberto Alcalá, some rights reserved (CC BY), uploaded by Alberto Alcalá"
1395,,"(c) Emil B, some rights reserved (CC BY-NC), uploaded by Emil B"
1396,,"(c) shmavin, some rights reserved (CC BY-NC)"
1397,,"(c) Billy Bensted-Smith, some rights reserved (CC BY-NC), uploaded by Billy Bensted-Smith"
1398,,"(c) David Eng, all rights reserved, uploaded by David Eng"
1399,,"(c) John Turnbull, some rights reserved (CC BY-NC-SA)"
1400,,"(c) Claire Brooks, some rights reserved (CC BY-NC), uploaded by Claire Brooks"
1401,,"(c) Sebastian Doak, some rights reserved (CC BY), uploaded by Sebastian Doak"
1402,,"(c) Julien Renoult, some rights reserved (CC BY), uploaded by Julien Renoult"
1403,,"(c) slimady100, some rights reserved (CC BY-NC)"
1404,,"(c) Nigel Marsh, some rights reserved (CC BY-NC), uploaded by Nigel Marsh"
1405,,"(c) Richard Ling, some rights reserved (CC BY-NC-ND)"
1406,,"(c) sharkdevotee, some rights reserved (CC BY-NC)"
1407,,"(c) Erik Schlögl, some rights reserved (CC BY-NC), uploaded by Erik Schlögl"
1408,,"(c) Mark Rosenstein, some rights reserved (CC BY-NC), uploaded by Mark Rosenstein"
1409,,"(c) Dennis Rabeling, some rights reserved (CC BY-NC-ND), uploaded by Dennis Rabeling"
1410,,"(c) Nigel Marsh, some rights reserved (CC BY-NC), uploaded by Nigel Marsh"
1411,,"(c) Sebastien Landat, all rights reserved, uploaded by Sebastien Landat"
1412,,"(c) David Cook, some rights reserved (CC BY-NC)"
1413,,"(c) Seth Patterson, all rights reserved, uploaded by Seth Patterson"
1414,,"(c) Wayne and Pam Osborn, some rights reserved (CC BY-NC), uploaded by Wayne and Pam Osborn"
1415,,"(c) Andaman Kaosung, all rights reserved, uploaded by Andaman Kaosung"
1416,,"(c) brutledge, some rights reserved (CC BY-NC), uploaded by brutledge"
1417,,"(c) Luis P. B., some rights reserved (CC BY-NC), uploaded by Luis P. B."
1418,,"(c) Jeanie Williams, some rights reserved (CC BY-NC), uploaded by Jeanie Williams"
1419,,"(c) Roberto Pillon, some rights reserved (CC BY-NC), uploaded by Roberto Pillon"
1420,,"(c) John Sear, some rights reserved (CC BY-NC), uploaded by John Sear"
1421,,"(c) Graham Montgomery, all rights reserved, uploaded by Graham Montgomery"
1422,,"(c) Mignoffo, some rights reserved (CC BY-NC), uploaded by Mignoffo"
1423,,"(c) Ian Shaw, all rights reserved, uploaded by Ian Shaw"
1424,,"(c) Mariano Ordoñez, all rights reserved, uploaded by Mariano Ordoñez"
1425,,"(c) Susanne Spindler, some rights reserved (CC BY-NC-ND), uploaded by Susanne Spindler"
1426,,"(c) 
Thomas Badstuebner for MDC SeaMarc Maldives, some rights reserved (CC BY-SA)"
1427,,"(c) Mitchel Buckner, some rights reserved (CC BY-NC), uploaded by Mitchel Buckner"
1428,,"(c) Georgina Jones, some rights reserved (CC BY-SA), uploaded by Georgina Jones"
1429,,"(c) Kieran Cox, all rights reserved, uploaded by Kieran Cox"
1430,,"(c) Phil Garner, all rights reserved, uploaded by Phil Garner"
1431,,"(c) Cricket Raspet, some rights reserved (CC BY), uploaded by Cricket Raspet"
1432,,"(c) Thomas Menut, some rights reserved (CC BY-NC), uploaded by Thomas Menut"
1433,,"(c) Philip Thomas, some rights reserved (CC BY-NC), uploaded by Philip Thomas"
1434,,"(c) Kuknam kim, some rights reserved (CC BY-SA)"
1435,,"(c) Nigel Marsh, some rights reserved (CC BY-NC), uploaded by Nigel Marsh"
1436,,"(c) Rafi Amar, some rights reserved (CC BY-NC), uploaded by Rafi Amar"
1437,,"Karelj, no known copyright restrictions (public domain)"
1438,,"(c) Lakshmi Sawitri, some rights reserved (CC BY)"
1439,,"(c) Francesco Ricciardi, some rights reserved (CC BY-NC), uploaded by Francesco Ricciardi"
1440,,"(c) lcolmer, some rights reserved (CC BY-NC), uploaded by lcolmer"
1441,,"(c) Ian Shaw, all rights reserved, uploaded by Ian Shaw"
1442,,"(c) Lev Frid, all rights reserved"
1443,,"(c) harum.koh, some rights reserved (CC BY-SA), uploaded by harum.koh"
1444,,"(c) Mark Rosenstein, some rights reserved (CC BY-NC), uploaded by Mark Rosenstein"
1445,,"(c) terence zahner, some rights reserved (CC BY-NC), uploaded by terence zahner"
1446,,"(c) Emilio Concari, some rights reserved (CC BY-NC), uploaded by Emilio Concari"
1447,,"(c) Nigel Marsh, some rights reserved (CC BY-NC), uploaded by Nigel Marsh"
1448,,"(c) Ian Shaw, all rights reserved, uploaded by Ian Shaw"
1449,,"(c) Mark Rosenstein, some rights reserved (CC BY-NC), uploaded by Mark Rosenstein"
1450,,"(c) Kieran Cox, all rights reserved, uploaded by Kieran Cox"
1451,,"(c) Francois Libert, some rights reserved (CC BY-NC), uploaded by Francois Libert"
1452,,"(c) kenshching, some rights reserved (CC BY-NC)"
1453,,"(c) J. Martin Crossley, some rights reserved (CC BY-NC-SA), uploaded by J. Martin Crossley"
1454,,"(c) Dominic Chaplin, all rights reserved, uploaded by Dominic Chaplin"
1455,,"(c) André Giraldi, some rights reserved (CC BY-NC), uploaded by André Giraldi"
1456,,"(c) Gina Walsh, some rights reserved (CC BY-NC), uploaded by Gina Walsh"
1457,,"(c) craigjhowe, some rights reserved (CC BY-NC-ND)"
1458,,由 Erik Schlögl 所上傳的 (c) Erik Schlögl，保留部份權利CC BY-NC
1459,,"(c) emct_inaturalist, some rights reserved (CC BY-NC), uploaded by emct_inaturalist"
1460,,"(c) Jim Greenfield, all rights reserved, uploaded by Jim Greenfield"
1461,,"(c) John Sear, some rights reserved (CC BY-NC), uploaded by John Sear"
1462,,"(c) kary, some rights reserved (CC BY-NC), uploaded by kary"
1463,,"(c) Ian Shaw, all rights reserved, uploaded by Ian Shaw"
1464,,"(c) seahorses_of_the_world, all rights reserved, uploaded by seahorses_of_the_world"
1465,,"(c) Mark Rosenstein, some rights reserved (CC BY-NC), uploaded by Mark Rosenstein"
1466,,"(c) Craig Fujii, some rights reserved (CC BY-NC-ND), uploaded by Craig Fujii"
1467,,"(c) Mark Rosenstein, some rights reserved (CC BY-NC), uploaded by Mark Rosenstein"
1468,,"(c) Cristian Hernandez, some rights reserved (CC BY-NC), uploaded by Cristian Hernandez"
1469,,"(c) Curtis Hart, some rights reserved (CC BY-NC), uploaded by Curtis Hart"
1470,,"(c) Nigel Marsh, some rights reserved (CC BY-NC), uploaded by Nigel Marsh"
1471,,"(c) Jacob, some rights reserved (CC BY-NC), uploaded by Jacob"
1472,,"(c) Blair Chen, some rights reserved (CC BY-NC-SA)"
1473,,"(c) davide bellucci, some rights reserved (CC BY-NC), uploaded by davide bellucci"
1474,,"(c) terence zahner, some rights reserved (CC BY-NC), uploaded by terence zahner"
1475,,"(c) AcquarioVillage, some rights reserved (CC BY-NC-SA)"
1476,,"(c) Kate Schwartz, all rights reserved, uploaded by Kate Schwartz"
1477,,"(c) Darren W, all rights reserved, uploaded by Darren W"
1478,,"(c) Bernard Picton, some rights reserved (CC BY), uploaded by Bernard Picton"
1479,,"(c) Mark Rosenstein, some rights reserved (CC BY-NC)"
1480,,"(c) Dennis Rabeling, some rights reserved (CC BY-NC-ND), uploaded by Dennis Rabeling"
1481,,"(c) beautifulbait, some rights reserved (CC BY-NC), uploaded by beautifulbait"
1482,,"(c) Sarah Milicich, some rights reserved (CC BY-NC), uploaded by Sarah Milicich"
1483,,"(c) Francois Libert, some rights reserved (CC BY-NC), uploaded by Francois Libert"
1484,,"(c) François Libert, some rights reserved (CC BY-NC-SA), uploaded by François Libert"
1485,,"(c) Joshua Rains, some rights reserved (CC BY-NC), uploaded by Joshua Rains"
1486,,"(c) Carol W Taylor, all rights reserved, uploaded by Carol W Taylor"
1487,,"(c) mnolito, some rights reserved (CC BY-NC), uploaded by mnolito"
1488,,"(c) Wayne and Pam Osborn, some rights reserved (CC BY-NC), uploaded by Wayne and Pam Osborn"
1489,,"(c) chrosomusenthusiast, some rights reserved (CC BY-NC)"
1490,,"(c) terence zahner, some rights reserved (CC BY-NC), uploaded by terence zahner"
1491,,"(c) Hubert Szczygieł, some rights reserved (CC BY-NC), uploaded by Hubert Szczygieł"
1492,,"(c) Albert Alonso, all rights reserved, uploaded by Albert Alonso"
1493,,"(c) Jonathan Lavan, underpressurephotog.com, some rights reserved (CC BY-NC), uploaded by Jonathan Lavan, underpressurephotog.com"
1494,,"(c) Tom Davis, some rights reserved (CC BY-NC), uploaded by Tom Davis"
1495,,"(c) François Libert, some rights reserved (CC BY-NC-SA), uploaded by François Libert"
1496,,"(c) David R, some rights reserved (CC BY-NC), uploaded by David R"
1497,,"(c) Vince Golder, some rights reserved (CC BY-NC), uploaded by Vince Golder"
1498,,"(c) Mark Rosenstein, some rights reserved (CC BY-NC), uploaded by Mark Rosenstein"
1499,,"(c) craigjhowe, some rights reserved (CC BY-NC-ND)"
1500,,"(c) Simon Theuma, all rights reserved, uploaded by Simon Theuma"
1501,,"(c) Andaman Kaosung, all rights reserved, uploaded by Andaman Kaosung"
1502,,"(c) Seth Patterson, all rights reserved, uploaded by Seth Patterson"
1503,,"(c) Sylvain Le Bris, some rights reserved (CC BY-NC), uploaded by Sylvain Le Bris"
1504,,"(c) IHUNTA, some rights reserved (CC BY-NC), uploaded by IHUNTA"
1505,,"(c) Cullen Hanks, some rights reserved (CC BY-NC), uploaded by Cullen Hanks"
1506,,"(c) Leonard Low, some rights reserved (CC BY)"
1507,,"(c) Wayne and Pam Osborn, some rights reserved (CC BY-NC), uploaded by Wayne and Pam Osborn"
1508,,"(c) Tony Strazzari, some rights reserved (CC BY-NC), uploaded by Tony Strazzari"
1509,,"(c) Bernat Garrigós, some rights reserved (CC BY-NC), uploaded by Bernat Garrigós"
1510,,"(c) Charlie Mellor, some rights reserved (CC BY-NC), uploaded by Charlie Mellor"
1511,,"(c) Andaman Kaosung, all rights reserved, uploaded by Andaman Kaosung"
1512,,"(c) Ben Cantrell, some rights reserved (CC BY-NC), uploaded by Ben Cantrell"
1513,,"(c) Adam McKenzie, all rights reserved, uploaded by Adam McKenzie"
1514,,"(c) craigjhowe, some rights reserved (CC BY-NC-ND)"
1515,,"(c) Hickson Fergusson, all rights reserved, uploaded by Hickson Fergusson"
1516,,"(c) Mark Rosenstein, some rights reserved (CC BY-NC), uploaded by Mark Rosenstein"
1517,,"(c) Shigeru Harazaki, all rights reserved, uploaded by Shigeru Harazaki"
1518,,"(c) budak, some rights reserved (CC BY-NC), uploaded by budak"
1519,,"(c) Michi Tobler, all rights reserved, uploaded by Michi Tobler"
1520,,"(c) Ian Shaw, all rights reserved, uploaded by Ian Shaw"
1521,,"(c) Mark Rosenstein, some rights reserved (CC BY-NC), uploaded by Mark Rosenstein"
1522,,"(c) Jacob, some rights reserved (CC BY-NC), uploaded by Jacob"
1523,,"(c) Emilio Concari, some rights reserved (CC BY-NC), uploaded by Emilio Concari"
1524,,"(c) Eddie Maloney, some rights reserved (CC BY-SA)"
1525,,"(c) sharkdevotee, some rights reserved (CC BY-NC)"
1526,,"(c) Squidpastry, some rights reserved (CC BY-NC), uploaded by Squidpastry"
1527,,"(c) Michi Tobler, all rights reserved, uploaded by Michi Tobler"
1528,,"(c) Frank Krasovec, some rights reserved (CC BY-NC), uploaded by Frank Krasovec"
1529,,"(c) Ben Cantrell, some rights reserved (CC BY-NC), uploaded by Ben Cantrell"
1530,,"(c) David R, some rights reserved (CC BY-NC), uploaded by David R"
1531,,"(c) Aibhlín, some rights reserved (CC BY-NC), uploaded by Aibhlín"
1532,,"(c) J. Martin Crossley, some rights reserved (CC BY-NC-ND), uploaded by J. Martin Crossley"
1533,,"(c) BEDO (Thailand), some rights reserved (CC BY-SA)"
1534,,"(c) Hanyang Ye, all rights reserved, uploaded by Hanyang Ye"
1535,,"(c) Girish Gowda, some rights reserved (CC BY-NC), uploaded by Girish Gowda"
1536,,"(c) Michi Tobler, all rights reserved, uploaded by Michi Tobler"
1537,,"(c) Miciah McNels, all rights reserved, uploaded by Miciah McNels"
1538,,"(c) craigjhowe, some rights reserved (CC BY-NC)"
1539,,"(c) Luis P. B., some rights reserved (CC BY-NC), uploaded by Luis P. B."
1540,,"(c) Shigeru Harazaki, all rights reserved, uploaded by Shigeru Harazaki"
1541,,"(c) Ricardo Arredondo T., some rights reserved (CC BY-NC), uploaded by Ricardo Arredondo T."
1542,,"(c) Mac Lin, some rights reserved (CC BY-NC-ND), uploaded by Mac Lin"
1543,,"(c) Mark Rosenstein, some rights reserved (CC BY-NC), uploaded by Mark Rosenstein"
1544,,"(c) User:Viridiflavus, some rights reserved (CC BY-SA)"
1545,,"(c) uwkwaj, some rights reserved (CC BY-NC), uploaded by uwkwaj"
1546,,"(c) Squidpastry, some rights reserved (CC BY-NC), uploaded by Squidpastry"
1547,,"(c) James-LaFontaine, some rights reserved (CC BY), uploaded by James-LaFontaine"
1548,,"(c) Vince Golder, some rights reserved (CC BY-NC), uploaded by Vince Golder"
1549,,"(c) jasonrl, some rights reserved (CC BY-NC), uploaded by jasonrl"
1550,,"(c) Programa Marino del Golfo de California, some rights reserved (CC BY-NC-SA), uploaded by Programa Marino del Golfo de California"
1551,,"(c) species_spotlight, all rights reserved, uploaded by species_spotlight"
1552,,"(c) Shigeru Harazaki, all rights reserved, uploaded by Shigeru Harazaki"
1553,,"(c) Mark Rosenstein, some rights reserved (CC BY-NC), uploaded by Mark Rosenstein"
1554,,"(c) François Libert, some rights reserved (CC BY-NC-SA), uploaded by François Libert"
1555,,"(c) uwkwaj, some rights reserved (CC BY-NC), uploaded by uwkwaj"
1556,,"(c) Siren Sighting Network_AMMCO, all rights reserved, uploaded by Siren Sighting Network_AMMCO"
1557,,"
U.S. Fish and Wildlife Service, no known copyright restrictions (public domain)"
1558,,"(c) Paul Cools, some rights reserved (CC BY-NC), uploaded by Paul Cools"
1559,,"(c) Lesley Clements, all rights reserved"
1560,,"(c) craigjhowe, some rights reserved (CC BY-NC)"
